OE CELJE                      ;SPLOŠNA BOLNIŠNICA CELJE;OBLAKOVA ULICA 5;3000 CELJE;BRUS  NATAŠA ;SPLOŠNA DEJAVNOST - DISPANZER ZA ŽENSKE ;0,19;137,72;NE;46.23463;15.26257
OE CELJE                      ;SPLOŠNA BOLNIŠNICA CELJE;OBLAKOVA ULICA 5;3000 CELJE;BUSER  GORAN ;SPLOŠNA DEJAVNOST - DISPANZER ZA ŽENSKE ;0,19;88,91;DA;46.23463;15.26257
OE CELJE                      ;SPLOŠNA BOLNIŠNICA CELJE;OBLAKOVA ULICA 5;3000 CELJE;DELIĆ  RATKO ;SPLOŠNA DEJAVNOST - DISPANZER ZA ŽENSKE ;0,19;99,86;DA;46.23463;15.26257
OE CELJE                      ;SPLOŠNA BOLNIŠNICA CELJE;OBLAKOVA ULICA 5;3000 CELJE;HORVAT ČETINA MIRJAM ;SPLOŠNA DEJAVNOST - DISPANZER ZA ŽENSKE ;0,19;44,44;DA;46.23463;15.26257
OE CELJE                      ;SPLOŠNA BOLNIŠNICA CELJE;OBLAKOVA ULICA 5;3000 CELJE;KLANČNIK  BARBARA ;SPLOŠNA DEJAVNOST - DISPANZER ZA ŽENSKE ;0,19;116,14;NE;46.23463;15.26257
OE CELJE                      ;SPLOŠNA BOLNIŠNICA CELJE;OBLAKOVA ULICA 5;3000 CELJE;KOREN  JAKOB ;SPLOŠNA DEJAVNOST - DISPANZER ZA ŽENSKE ;0,20;112,84;NE;46.23463;15.26257
OE CELJE                      ;SPLOŠNA BOLNIŠNICA CELJE;OBLAKOVA ULICA 5;3000 CELJE;MILANOVIĆ  OLIVERA ;SPLOŠNA DEJAVNOST - DISPANZER ZA ŽENSKE ;0,19;106,53;NE;46.23463;15.26257
OE CELJE                      ;SPLOŠNA BOLNIŠNICA CELJE;OBLAKOVA ULICA 5;3000 CELJE;PAVIĆEVIĆ  LJILJANA ;SPLOŠNA DEJAVNOST - DISPANZER ZA ŽENSKE ;0,19;105,34;NE;46.23463;15.26257
OE CELJE                      ;SPLOŠNA BOLNIŠNICA CELJE;OBLAKOVA ULICA 5;3000 CELJE;PIRC  IGOR ;SPLOŠNA DEJAVNOST - DISPANZER ZA ŽENSKE ;0,19;103,32;NE;46.23463;15.26257
OE CELJE                      ;SPLOŠNA BOLNIŠNICA CELJE;OBLAKOVA ULICA 5;3000 CELJE;REBEK  KAJA ;SPLOŠNA DEJAVNOST - DISPANZER ZA ŽENSKE ;0,19;62,94;DA;46.23463;15.26257
OE CELJE                      ;SPLOŠNA BOLNIŠNICA CELJE;OBLAKOVA ULICA 5;3000 CELJE;SALOBIR GAJŠEK URŠULA ;SPLOŠNA DEJAVNOST - DISPANZER ZA ŽENSKE ;0,20;177,85;NE;46.23463;15.26257
OE CELJE                      ;SPLOŠNA BOLNIŠNICA CELJE;OBLAKOVA ULICA 5;3000 CELJE;WEBER  VLADIMIR ;SPLOŠNA DEJAVNOST - DISPANZER ZA ŽENSKE ;0,19;54,36;DA;46.23463;15.26257
OE CELJE                      ;ZDRAVSTVENI DOM CELJE;GREGORČIČEVA ULICA 5;3000 CELJE;STAVEC  TINA ;SPLOŠNA DEJAVNOST - DISPANZER ZA ŽENSKE ;1,00;114,86;NE;46.23225;15.26227
OE CELJE                      ;ZDRAVSTVENI DOM CELJE;GREGORČIČEVA ULICA 5;3000 CELJE;ZUPANC  UNITA ;SPLOŠNA DEJAVNOST - DISPANZER ZA ŽENSKE ;1,00;113,57;NE;46.23225;15.26227
OE CELJE                      ;KARDIOLOGIJA MARINŠEK & GINEKOLOGIJA PETERNELJ, ZDRAVSTVENE STORITVE, SVETOVANJE IN IZOBRAŽEVANJE D.O.O.;DOBRIŠA VAS 81;3301 PETROVČE;PETERNELJ MARINŠEK SUZANA ;SPLOŠNA DEJAVNOST - DISPANZER ZA ŽENSKE ;1,00;125,77;NE;46.24659;15.18210
OE CELJE                      ;ORDINACIJA GAŠPERLIN DOVNIK, GINEKOLOGIJA IN DENZITOMETRIJA D.O.O.;JENKOVA ULICA 20;3000 CELJE;GAŠPERLIN DOVNIK DARJA ;SPLOŠNA DEJAVNOST - DISPANZER ZA ŽENSKE ;1,00;124,92;NE;46.23594;15.26216
OE CELJE                      ;TERME DOBRNA, TERMALNO ZDRAVILIŠČE D.D.;DOBRNA 50;3204 DOBRNA;ŠKET  PETRA ;SPLOŠNA DEJAVNOST - DISPANZER ZA ŽENSKE ;0,50;91,49;DA;46.33966;15.22417
IZPOSTAVA LAŠKO               ;ZDRAVSTVENI DOM LAŠKO;KIDRIČEVA ULICA 5 B;3270 LAŠKO;MARKOVIČ GRAHEK JELKA ;SPLOŠNA DEJAVNOST - DISPANZER ZA ŽENSKE ;0,90;98,74;DA;46.15450;15.23730
IZPOSTAVA LAŠKO               ;ZDRAVSTVENI DOM LAŠKO;KIDRIČEVA ULICA 5 B;3270 LAŠKO;POGAČNIK  ANDREJ ;SPLOŠNA DEJAVNOST - DISPANZER ZA ŽENSKE ;0,10;1,48;DA;46.15450;15.23730
IZPOSTAVA LAŠKO               ;ZDRAVSTVENI DOM RADEČE;ULICA OF 8;1433 RADEČE;SKUŠEK FAKIN CVETKA ;SPLOŠNA DEJAVNOST - DISPANZER ZA ŽENSKE ;0,30;66,67;DA;46.06587;15.18065
IZPOSTAVA SLOVENSKE KONJICE   ;ZDRAVSTVENI DOM SLOVENSKE KONJICE;MESTNI TRG 17;3210 SLOVENSKE KONJICE;FRANIĆ-IVANIŠEVIĆ MAJA ;SPLOŠNA DEJAVNOST - DISPANZER ZA ŽENSKE ;1,00;88,28;DA;46.33998;15.42862
IZPOSTAVA ŠENTJUR PRI CELJU   ;SIMONITI FILIP - SIMMED ZASEBNA GINEKOLOŠKA AMBULANTA;ULICA DUŠANA KVEDRA 27;3230 ŠENTJUR;SIMONITI  FILIP ;SPLOŠNA DEJAVNOST - DISPANZER ZA ŽENSKE ;1,08;126,31;NE;46.21817;15.39597
IZPOSTAVA ŠMARJE PRI JELŠAH   ;ZDRAVSTVENI DOM ŠMARJE PRI JELŠAH;CELJSKA CESTA 16;3240 ŠMARJE PRI JELŠAH;ŠEHOVIĆ  ZORAN ;SPLOŠNA DEJAVNOST - DISPANZER ZA ŽENSKE ;0,20;61,50;DA;46.22926;15.51610
IZPOSTAVA ŠMARJE PRI JELŠAH   ;ZDRAVSTVENI DOM ŠMARJE PRI JELŠAH;CELJSKA CESTA 16;3240 ŠMARJE PRI JELŠAH;ZUPANC  UNITA ;SPLOŠNA DEJAVNOST - DISPANZER ZA ŽENSKE ;0,10;175,11;NE;46.22926;15.51610
IZPOSTAVA ŠMARJE PRI JELŠAH   ;GINEKOLOGIJA DR. FRANIĆ, ZDRAVSTVENE IN IZOBRAŽEVALNE DEJAVNOSTI, D.O.O.;CELJSKA CESTA 10;3250 ROGAŠKA SLATINA;FRANIĆ  DAMIR ;SPLOŠNA DEJAVNOST - DISPANZER ZA ŽENSKE ;1,00;94,84;DA;46.23916;15.63420
IZPOSTAVA ŽALEC               ;ZDRAVSTVENI DOM DR. JOŽETA POTRATE ŽALEC;PREŠERNOVA ULICA 6;3310 ŽALEC;KLEMENŠEK  METKA ;SPLOŠNA DEJAVNOST - DISPANZER ZA ŽENSKE ;1,00;91,01;DA;46.25093;15.16216
IZPOSTAVA ŽALEC               ;ZDRAVSTVENI DOM DR. JOŽETA POTRATE ŽALEC;PREŠERNOVA ULICA 6;3310 ŽALEC;WEBER  VLADIMIR ;SPLOŠNA DEJAVNOST - DISPANZER ZA ŽENSKE ;0,11;0,00;DA;46.25093;15.16216
IZPOSTAVA ŽALEC               ;GOVC-ČETINA IRENA - ZASEBNA GINEKOLOŠKA AMBULANTA ZA ŽENE;RIMSKA CESTA 70;3311 ŠEMPETER V SAVINJSKI DOLINI;GOVC ČETINA IRENA ;SPLOŠNA DEJAVNOST - DISPANZER ZA ŽENSKE ;1,00;101,99;NE;46.25651;15.12077
OE KOPER                      ;ZDRAVSTVENI DOM KOPER CASA DELLA SANITA CAPODISTRIA;DELLAVALLEJEVA ULICA 3;6000 KOPER - CAPODISTRIA;SMAJILA  ANDREJA ;SPLOŠNA DEJAVNOST - DISPANZER ZA ŽENSKE ;1,10;102,13;NE;45.54870;13.73094
OE KOPER                      ;ZDRAVSTVENI DOM KOPER CASA DELLA SANITA CAPODISTRIA;DELLAVALLEJEVA ULICA 3;6000 KOPER - CAPODISTRIA;VITEZICA  TOMISLAV ;SPLOŠNA DEJAVNOST - DISPANZER ZA ŽENSKE ;1,10;79,61;DA;45.54870;13.73094
IZPOSTAVA ILIRSKA BISTRICA    ;HRVATIN-MAHNIČ DANICA - SPECIALISTIČNA AMBULANTA ZA GINEKOLOGIJO IN PORODNIŠTVO;PREČNA ULICA 2;6230 POSTOJNA;HRVATIN  DANICA ;SPLOŠNA DEJAVNOST - DISPANZER ZA ŽENSKE ;0,70;130,26;NE;45.77205;14.21042
IZPOSTAVA IZOLA               ;SPLOŠNA BOLNIŠNICA IZOLA OSPEDALE GENERALE ISOLA;POLJE 40;6310 IZOLA - ISOLA;ĆATIĆ  DENIS ;SPLOŠNA DEJAVNOST - DISPANZER ZA ŽENSKE ;0,23;48,56;DA;45.54442;13.68709
IZPOSTAVA IZOLA               ;SPLOŠNA BOLNIŠNICA IZOLA OSPEDALE GENERALE ISOLA;POLJE 40;6310 IZOLA - ISOLA;DEISINGER  DUŠAN ;SPLOŠNA DEJAVNOST - DISPANZER ZA ŽENSKE ;0,23;164,23;NE;45.54442;13.68709
IZPOSTAVA IZOLA               ;SPLOŠNA BOLNIŠNICA IZOLA OSPEDALE GENERALE ISOLA;POLJE 40;6310 IZOLA - ISOLA;KOCIĆ  ZORANA ;SPLOŠNA DEJAVNOST - DISPANZER ZA ŽENSKE ;0,22;73,94;DA;45.54442;13.68709
IZPOSTAVA IZOLA               ;SPLOŠNA BOLNIŠNICA IZOLA OSPEDALE GENERALE ISOLA;POLJE 40;6310 IZOLA - ISOLA;KOMAC  ANDREJA ;SPLOŠNA DEJAVNOST - DISPANZER ZA ŽENSKE ;0,22;160,47;NE;45.54442;13.68709
IZPOSTAVA IZOLA               ;SPLOŠNA BOLNIŠNICA IZOLA OSPEDALE GENERALE ISOLA;POLJE 40;6310 IZOLA - ISOLA;LOVŠIN  BOŠTJAN ;SPLOŠNA DEJAVNOST - DISPANZER ZA ŽENSKE ;0,23;217,09;NE;45.54442;13.68709
IZPOSTAVA IZOLA               ;SPLOŠNA BOLNIŠNICA IZOLA OSPEDALE GENERALE ISOLA;POLJE 40;6310 IZOLA - ISOLA;PALANCSAI ŠIFTAR JANKA ;SPLOŠNA DEJAVNOST - DISPANZER ZA ŽENSKE ;0,22;110,69;NE;45.54442;13.68709
IZPOSTAVA IZOLA               ;SPLOŠNA BOLNIŠNICA IZOLA OSPEDALE GENERALE ISOLA;POLJE 40;6310 IZOLA - ISOLA;VEREM STRAHOVNIK SABINA ;SPLOŠNA DEJAVNOST - DISPANZER ZA ŽENSKE ;0,22;105,05;NE;45.54442;13.68709
IZPOSTAVA IZOLA               ;SPLOŠNA BOLNIŠNICA IZOLA OSPEDALE GENERALE ISOLA;POLJE 40;6310 IZOLA - ISOLA;ZVER SKOMINA JANJA ;SPLOŠNA DEJAVNOST - DISPANZER ZA ŽENSKE ;0,23;148,93;NE;45.54442;13.68709
IZPOSTAVA IZOLA               ;ZDRAVSTVENI DOM IZOLA;ULICA OKTOBRSKE REVOLUCIJE 11;6310 IZOLA - ISOLA;ROŽIČ  NIVES ;SPLOŠNA DEJAVNOST - DISPANZER ZA ŽENSKE ;1,10;74,82;DA;45.53464;13.66078
IZPOSTAVA PIRAN               ;ZDRAVSTVENI ZAVOD SAMSTAL KOPER;ROZMANOVA ULICA 13;6000 KOPER - CAPODISTRIA;MRKAJIĆ  MLADEN ;SPLOŠNA DEJAVNOST - DISPANZER ZA ŽENSKE ;1,00;110,48;NE;45.53894;13.72060
IZPOSTAVA POSTOJNA            ;BOLNIŠNICA ZA ŽENSKE BOLEZNI IN PORODNIŠTVO POSTOJNA;PREČNA ULICA 4;6230 POSTOJNA;BAVČAR  PETRA ;SPLOŠNA DEJAVNOST - DISPANZER ZA ŽENSKE ;0,30;162,11;NE;45.77151;14.21020
IZPOSTAVA POSTOJNA            ;BOLNIŠNICA ZA ŽENSKE BOLEZNI IN PORODNIŠTVO POSTOJNA;PREČNA ULICA 4;6230 POSTOJNA;GORNIK  MATIC ;SPLOŠNA DEJAVNOST - DISPANZER ZA ŽENSKE ;0,20;51,05;DA;45.77151;14.21020
IZPOSTAVA POSTOJNA            ;BOLNIŠNICA ZA ŽENSKE BOLEZNI IN PORODNIŠTVO POSTOJNA;PREČNA ULICA 4;6230 POSTOJNA;JORDAN  TANJA ;SPLOŠNA DEJAVNOST - DISPANZER ZA ŽENSKE ;0,15;144,68;NE;45.77151;14.21020
IZPOSTAVA POSTOJNA            ;BOLNIŠNICA ZA ŽENSKE BOLEZNI IN PORODNIŠTVO POSTOJNA;PREČNA ULICA 4;6230 POSTOJNA;KRISTAN  FRANC ;SPLOŠNA DEJAVNOST - DISPANZER ZA ŽENSKE ;0,15;117,99;NE;45.77151;14.21020
IZPOSTAVA POSTOJNA            ;BOLNIŠNICA ZA ŽENSKE BOLEZNI IN PORODNIŠTVO POSTOJNA;PREČNA ULICA 4;6230 POSTOJNA;LAZIĆ  ZLATKO ;SPLOŠNA DEJAVNOST - DISPANZER ZA ŽENSKE ;0,20;113,72;NE;45.77151;14.21020
IZPOSTAVA POSTOJNA            ;BOLNIŠNICA ZA ŽENSKE BOLEZNI IN PORODNIŠTVO POSTOJNA;PREČNA ULICA 4;6230 POSTOJNA;LIKAR  ROBERT ;SPLOŠNA DEJAVNOST - DISPANZER ZA ŽENSKE ;0,30;153,41;NE;45.77151;14.21020
IZPOSTAVA POSTOJNA            ;BOLNIŠNICA ZA ŽENSKE BOLEZNI IN PORODNIŠTVO POSTOJNA;PREČNA ULICA 4;6230 POSTOJNA;MERLO  ALEKSANDER ;SPLOŠNA DEJAVNOST - DISPANZER ZA ŽENSKE ;0,60;133,86;NE;45.77151;14.21020
IZPOSTAVA POSTOJNA            ;BOLNIŠNICA ZA ŽENSKE BOLEZNI IN PORODNIŠTVO POSTOJNA;PREČNA ULICA 4;6230 POSTOJNA;MUGOŠA  MARKO ;SPLOŠNA DEJAVNOST - DISPANZER ZA ŽENSKE ;0,20;57,35;DA;45.77151;14.21020
IZPOSTAVA POSTOJNA            ;BOLNIŠNICA ZA ŽENSKE BOLEZNI IN PORODNIŠTVO POSTOJNA;PREČNA ULICA 4;6230 POSTOJNA;TAŠEV  ILIJA ;SPLOŠNA DEJAVNOST - DISPANZER ZA ŽENSKE ;0,20;115,76;NE;45.77151;14.21020
IZPOSTAVA POSTOJNA            ;BOLNIŠNICA ZA ŽENSKE BOLEZNI IN PORODNIŠTVO POSTOJNA;PREČNA ULICA 4;6230 POSTOJNA;TUL MANDIĆ NATAŠA ;SPLOŠNA DEJAVNOST - DISPANZER ZA ŽENSKE ;0,20;116,97;NE;45.77151;14.21020
IZPOSTAVA SEŽANA              ;ZDRAVSTVENI DOM SEŽANA;PARTIZANSKA CESTA 24;6210 SEŽANA;KERMAVNAR  MOJCA ;SPLOŠNA DEJAVNOST - DISPANZER ZA ŽENSKE ;0,80;98,49;DA;45.70858;13.87152
OE KRŠKO                      ;SPE VIVIMUS SPECIALISTIČNE DEJAVNOSTI D.O.O.;POT NA POLŠCO 21;8270 KRŠKO;PRESKAR  ALJOŠA ;SPLOŠNA DEJAVNOST - DISPANZER ZA ŽENSKE ;1,13;128,28;NE;45.96386;15.49039
IZPOSTAVA BREŽICE             ;SPLOŠNA BOLNIŠNICA BREŽICE;ČERNELČEVA CESTA 15;8250 BREŽICE;GJAKOV  BOBAN ;SPLOŠNA DEJAVNOST - DISPANZER ZA ŽENSKE ;0,50;82,01;DA;45.90849;15.59354
IZPOSTAVA BREŽICE             ;SPLOŠNA BOLNIŠNICA BREŽICE;ČERNELČEVA CESTA 15;8250 BREŽICE;KOČNAR  NATAŠA ;SPLOŠNA DEJAVNOST - DISPANZER ZA ŽENSKE ;0,42;107,57;NE;45.90849;15.59354
IZPOSTAVA BREŽICE             ;SPLOŠNA BOLNIŠNICA BREŽICE;ČERNELČEVA CESTA 15;8250 BREŽICE;VUKMANIČ POHAR MATEJA ;SPLOŠNA DEJAVNOST - DISPANZER ZA ŽENSKE ;0,50;103,67;NE;45.90849;15.59354
IZPOSTAVA BREŽICE             ;ZDRAVSTVENI DOM BREŽICE;ČERNELČEVA CESTA 8;8250 BREŽICE;BERTOLE  JOŽEF ;SPLOŠNA DEJAVNOST - DISPANZER ZA ŽENSKE ;0,10;123,37;NE;45.90811;15.59415
IZPOSTAVA BREŽICE             ;ZDRAVSTVENI DOM BREŽICE;ČERNELČEVA CESTA 8;8250 BREŽICE;LAKTIĆ  MIROSLAV ;SPLOŠNA DEJAVNOST - DISPANZER ZA ŽENSKE ;0,70;77,28;DA;45.90811;15.59415
IZPOSTAVA SEVNICA             ;ZDRAVSTVENI DOM SEVNICA;TRG SVOBODE 14;8290 SEVNICA;KRENČIČ ZAGODE ALENKA ;SPLOŠNA DEJAVNOST - DISPANZER ZA ŽENSKE ;1,00;114,53;NE;46.01060;15.30248
OE KRANJ                      ;BOLNIŠNICA ZA GINEKOLOGIJO IN PORODNIŠTVO KRANJ;KIDRIČEVA CESTA 38 A;4000 KRANJ;GAŠPERIČ  MATEJA ;SPLOŠNA DEJAVNOST - DISPANZER ZA ŽENSKE ;0,10;99,63;DA;46.24863;14.35402
OE KRANJ                      ;BOLNIŠNICA ZA GINEKOLOGIJO IN PORODNIŠTVO KRANJ;KIDRIČEVA CESTA 38 A;4000 KRANJ;GREGORAČ  DARKO ;SPLOŠNA DEJAVNOST - DISPANZER ZA ŽENSKE ;0,40;92,84;DA;46.24863;14.35402
OE KRANJ                      ;BOLNIŠNICA ZA GINEKOLOGIJO IN PORODNIŠTVO KRANJ;KIDRIČEVA CESTA 38 A;4000 KRANJ;HANDŽAR  MITHAT ;SPLOŠNA DEJAVNOST - DISPANZER ZA ŽENSKE ;0,50;100,90;NE;46.24863;14.35402
OE KRANJ                      ;BOLNIŠNICA ZA GINEKOLOGIJO IN PORODNIŠTVO KRANJ;KIDRIČEVA CESTA 38 A;4000 KRANJ;LUMI  SABRIJE ;SPLOŠNA DEJAVNOST - DISPANZER ZA ŽENSKE ;0,40;105,33;NE;46.24863;14.35402
OE KRANJ                      ;BOLNIŠNICA ZA GINEKOLOGIJO IN PORODNIŠTVO KRANJ;KIDRIČEVA CESTA 38 A;4000 KRANJ;MALGAJ KREJAN MAJDA ;SPLOŠNA DEJAVNOST - DISPANZER ZA ŽENSKE ;0,20;194,70;NE;46.24863;14.35402
OE KRANJ                      ;BOLNIŠNICA ZA GINEKOLOGIJO IN PORODNIŠTVO KRANJ;KIDRIČEVA CESTA 38 A;4000 KRANJ;RELJIĆ  BRANISLAV ;SPLOŠNA DEJAVNOST - DISPANZER ZA ŽENSKE ;0,40;139,22;NE;46.24863;14.35402
OE KRANJ                      ;BOLNIŠNICA ZA GINEKOLOGIJO IN PORODNIŠTVO KRANJ;KIDRIČEVA CESTA 38 A;4000 KRANJ;ROJKO  TADEJA ;SPLOŠNA DEJAVNOST - DISPANZER ZA ŽENSKE ;0,20;92,14;DA;46.24863;14.35402
OE KRANJ                      ;BOLNIŠNICA ZA GINEKOLOGIJO IN PORODNIŠTVO KRANJ;KIDRIČEVA CESTA 38 A;4000 KRANJ;VIRANT  IRENA ;SPLOŠNA DEJAVNOST - DISPANZER ZA ŽENSKE ;0,40;123,37;NE;46.24863;14.35402
OE KRANJ                      ;BOLNIŠNICA ZA GINEKOLOGIJO IN PORODNIŠTVO KRANJ;KIDRIČEVA CESTA 38 A;4000 KRANJ;VUJANOVIKJ  ALEKSANDRA ;SPLOŠNA DEJAVNOST - DISPANZER ZA ŽENSKE ;0,40;122,18;NE;46.24863;14.35402
OE KRANJ                      ;OSNOVNO ZDRAVSTVO GORENJSKE, OE ZDRAVSTVENI DOM KRANJ;GOSPOSVETSKA ULICA 10;4000 KRANJ;KOVAČIK  BRINA ;SPLOŠNA DEJAVNOST - DISPANZER ZA ŽENSKE ;0,40;50,00;DA;46.24890;14.35325
OE KRANJ                      ;OSNOVNO ZDRAVSTVO GORENJSKE, OE ZDRAVSTVENI DOM KRANJ;GOSPOSVETSKA ULICA 10;4000 KRANJ;PIRIH  ALENKA ;SPLOŠNA DEJAVNOST - DISPANZER ZA ŽENSKE ;1,00;104,24;NE;46.24890;14.35325
OE KRANJ                      ;OSNOVNO ZDRAVSTVO GORENJSKE, OE ZDRAVSTVENI DOM KRANJ;GOSPOSVETSKA ULICA 10;4000 KRANJ;PODLIPNIK  MARJETA ;SPLOŠNA DEJAVNOST - DISPANZER ZA ŽENSKE ;0,60;180,78;NE;46.24890;14.35325
OE KRANJ                      ;OSNOVNO ZDRAVSTVO GORENJSKE, OE ZDRAVSTVENI DOM KRANJ;GOSPOSVETSKA ULICA 10;4000 KRANJ;VRABIČ DEŽMAN LUCIJA ;SPLOŠNA DEJAVNOST - DISPANZER ZA ŽENSKE ;0,30;95,59;DA;46.24890;14.35325
OE KRANJ                      ;RODNA STORITVE ZA ZDRAVJE D.O.O.;ZASAVSKA CESTA 58 D;4000 KRANJ;RANT HAFNER SAVA ;SPLOŠNA DEJAVNOST - DISPANZER ZA ŽENSKE ;0,50;82,01;DA;46.21782;14.36865
IZPOSTAVA JESENICE            ;OSNOVNO ZDRAVSTVO GORENJSKE, OE ZDRAVSTVENI DOM JESENICE;CESTA MARŠALA TITA 78;4270 JESENICE;PETEK  ANAMARIJA ;SPLOŠNA DEJAVNOST - DISPANZER ZA ŽENSKE ;1,00;130,75;NE;46.44001;14.04461
IZPOSTAVA JESENICE            ;OSNOVNO ZDRAVSTVO GORENJSKE, OE ZDRAVSTVENI DOM JESENICE;CESTA MARŠALA TITA 78;4270 JESENICE;SREDANOVIĆ  DRAGO ;SPLOŠNA DEJAVNOST - DISPANZER ZA ŽENSKE ;1,00;47,66;DA;46.44001;14.04461
IZPOSTAVA JESENICE            ;SPLOŠNA BOLNIŠNICA JESENICE;CESTA MARŠALA TITA 112;4270 JESENICE;ŠKREBLIN ULČAR MATEJA ;SPLOŠNA DEJAVNOST - DISPANZER ZA ŽENSKE ;0,20;123,69;NE;46.44300;14.03697
IZPOSTAVA JESENICE            ;SPLOŠNA BOLNIŠNICA JESENICE;CESTA MARŠALA TITA 112;4270 JESENICE;DRAŽIĆ  KATARINA ;SPLOŠNA DEJAVNOST - DISPANZER ZA ŽENSKE ;0,20;199,81;NE;46.44300;14.03697
IZPOSTAVA JESENICE            ;SPLOŠNA BOLNIŠNICA JESENICE;CESTA MARŠALA TITA 112;4270 JESENICE;FRELIH FABJAN ANITA ;SPLOŠNA DEJAVNOST - DISPANZER ZA ŽENSKE ;0,44;60,80;DA;46.44300;14.03697
IZPOSTAVA JESENICE            ;SPLOŠNA BOLNIŠNICA JESENICE;CESTA MARŠALA TITA 112;4270 JESENICE;HABJAN  MARUŠA ;SPLOŠNA DEJAVNOST - DISPANZER ZA ŽENSKE ;0,44;22,02;DA;46.44300;14.03697
IZPOSTAVA JESENICE            ;SPLOŠNA BOLNIŠNICA JESENICE;CESTA MARŠALA TITA 112;4270 JESENICE;MACUN  EVA ;SPLOŠNA DEJAVNOST - DISPANZER ZA ŽENSKE ;0,20;152,31;NE;46.44300;14.03697
IZPOSTAVA JESENICE            ;SPLOŠNA BOLNIŠNICA JESENICE;CESTA MARŠALA TITA 112;4270 JESENICE;RESMAN  LUCIJA ;SPLOŠNA DEJAVNOST - DISPANZER ZA ŽENSKE ;0,44;19,93;DA;46.44300;14.03697
IZPOSTAVA JESENICE            ;SPLOŠNA BOLNIŠNICA JESENICE;CESTA MARŠALA TITA 112;4270 JESENICE;TOPLAK  KATJA ;SPLOŠNA DEJAVNOST - DISPANZER ZA ŽENSKE ;0,20;25,84;DA;46.44300;14.03697
IZPOSTAVA RADOVLJICA          ;ANDERLE ALOJZIJA - ZASEBNA ORDINACIJA ZA GINEKOLGIJO IN PORODNIŠTVO;KOPALIŠKA CESTA 7;4240 RADOVLJICA;ANDERLE  ALOJZIJA ;SPLOŠNA DEJAVNOST - DISPANZER ZA ŽENSKE ;1,00;97,20;DA;46.34702;14.17201
IZPOSTAVA ŠKOFJA LOKA         ;OSNOVNO ZDRAVSTVO GORENJSKE, OE ZDRAVSTVENI DOM ŠKOFJA LOKA;STARA CESTA 10;4220 ŠKOFJA LOKA;IGLIČAR  MILENA ;SPLOŠNA DEJAVNOST - DISPANZER ZA ŽENSKE ;1,00;115,63;NE;46.16618;14.31281
IZPOSTAVA ŠKOFJA LOKA         ;OSNOVNO ZDRAVSTVO GORENJSKE, OE ZDRAVSTVENI DOM ŠKOFJA LOKA;STARA CESTA 10;4220 ŠKOFJA LOKA;JERMAN KAČIČ POLONA MARJETA;SPLOŠNA DEJAVNOST - DISPANZER ZA ŽENSKE ;0,10;156,92;NE;46.16618;14.31281
IZPOSTAVA ŠKOFJA LOKA         ;OSNOVNO ZDRAVSTVO GORENJSKE, OE ZDRAVSTVENI DOM ŠKOFJA LOKA;STARA CESTA 10;4220 ŠKOFJA LOKA;URH  MATIJA ;SPLOŠNA DEJAVNOST - DISPANZER ZA ŽENSKE ;0,80;133,47;NE;46.16618;14.31281
IZPOSTAVA ŠKOFJA LOKA         ;GINEKOLOGIJA STRAŽAR D.O.O.;HAFNERJEVO NASELJE 24;4220 ŠKOFJA LOKA;STRAŽAR  PETER ;SPLOŠNA DEJAVNOST - DISPANZER ZA ŽENSKE ;1,02;128,62;NE;46.16977;14.33432
IZPOSTAVA TRŽIČ               ;OSNOVNO ZDRAVSTVO GORENJSKE, OE ZDRAVSTVENI DOM TRŽIČ;BLEJSKA CESTA 10;4290 TRŽIČ;MALGAJ KREJAN MAJDA ;SPLOŠNA DEJAVNOST - DISPANZER ZA ŽENSKE ;0,30;19,65;DA;46.36361;14.30654
IZPOSTAVA TRŽIČ               ;OSNOVNO ZDRAVSTVO GORENJSKE, OE ZDRAVSTVENI DOM TRŽIČ;BLEJSKA CESTA 10;4290 TRŽIČ;PODLIPNIK  MARJETA ;SPLOŠNA DEJAVNOST - DISPANZER ZA ŽENSKE ;0,10;133,86;NE;46.36361;14.30654
IZPOSTAVA TRŽIČ               ;OSNOVNO ZDRAVSTVO GORENJSKE, OE ZDRAVSTVENI DOM TRŽIČ;BLEJSKA CESTA 10;4290 TRŽIČ;VRABIČ DEŽMAN LUCIJA ;SPLOŠNA DEJAVNOST - DISPANZER ZA ŽENSKE ;0,20;84,44;DA;46.36361;14.30654
OE LJUBLJANA                  ;SŽ - ŽELEZNIŠKI ZDRAVSTVENI DOM LJUBLJANA;CELOVŠKA CESTA 4;1000 LJUBLJANA;DIMNIK  VIDA ;SPLOŠNA DEJAVNOST - DISPANZER ZA ŽENSKE ;0,20;119,17;NE;46.05730;14.50122
OE LJUBLJANA                  ;UNIVERZITETNI KLINIČNI CENTER LJUBLJANA;ZALOŠKA CESTA 2;1000 LJUBLJANA;ŠALAMUN  VESNA ;SPLOŠNA DEJAVNOST - DISPANZER ZA ŽENSKE ;0,10;128,46;NE;46.05221;14.52078
OE LJUBLJANA                  ;UNIVERZITETNI KLINIČNI CENTER LJUBLJANA;ZALOŠKA CESTA 2;1000 LJUBLJANA;ŠTOLFA GRUNTAR ANDREJA ;SPLOŠNA DEJAVNOST - DISPANZER ZA ŽENSKE ;0,38;134,71;NE;46.05221;14.52078
OE LJUBLJANA                  ;UNIVERZITETNI KLINIČNI CENTER LJUBLJANA;ZALOŠKA CESTA 2;1000 LJUBLJANA;BAN FRANGEŽ HELENA ;SPLOŠNA DEJAVNOST - DISPANZER ZA ŽENSKE ;0,20;60,40;DA;46.05221;14.52078
OE LJUBLJANA                  ;UNIVERZITETNI KLINIČNI CENTER LJUBLJANA;ZALOŠKA CESTA 2;1000 LJUBLJANA;BARBIČ  MATIJA ;SPLOŠNA DEJAVNOST - DISPANZER ZA ŽENSKE ;0,20;69,59;DA;46.05221;14.52078
OE LJUBLJANA                  ;UNIVERZITETNI KLINIČNI CENTER LJUBLJANA;ZALOŠKA CESTA 2;1000 LJUBLJANA;BLAGANJE  MIJA ;SPLOŠNA DEJAVNOST - DISPANZER ZA ŽENSKE ;0,20;51,47;DA;46.05221;14.52078
OE LJUBLJANA                  ;UNIVERZITETNI KLINIČNI CENTER LJUBLJANA;ZALOŠKA CESTA 2;1000 LJUBLJANA;BRŽAN ŠIMENC GABRIJELA ;SPLOŠNA DEJAVNOST - DISPANZER ZA ŽENSKE ;0,10;57,27;DA;46.05221;14.52078
OE LJUBLJANA                  ;UNIVERZITETNI KLINIČNI CENTER LJUBLJANA;ZALOŠKA CESTA 2;1000 LJUBLJANA;BURNIK PAPLER TANJA ;SPLOŠNA DEJAVNOST - DISPANZER ZA ŽENSKE ;0,20;14,52;DA;46.05221;14.52078
OE LJUBLJANA                  ;UNIVERZITETNI KLINIČNI CENTER LJUBLJANA;ZALOŠKA CESTA 2;1000 LJUBLJANA;CULETTO  MARKO ;SPLOŠNA DEJAVNOST - DISPANZER ZA ŽENSKE ;0,10;7,61;DA;46.05221;14.52078
OE LJUBLJANA                  ;UNIVERZITETNI KLINIČNI CENTER LJUBLJANA;ZALOŠKA CESTA 2;1000 LJUBLJANA;CVJETIĆANIN  BRANKO ;SPLOŠNA DEJAVNOST - DISPANZER ZA ŽENSKE ;0,26;71,98;DA;46.05221;14.52078
OE LJUBLJANA                  ;UNIVERZITETNI KLINIČNI CENTER LJUBLJANA;ZALOŠKA CESTA 2;1000 LJUBLJANA;DOLANC MERC MAJA ;SPLOŠNA DEJAVNOST - DISPANZER ZA ŽENSKE ;0,10;49,33;DA;46.05221;14.52078
OE LJUBLJANA                  ;UNIVERZITETNI KLINIČNI CENTER LJUBLJANA;ZALOŠKA CESTA 2;1000 LJUBLJANA;DROBNIČ  SAŠO ;SPLOŠNA DEJAVNOST - DISPANZER ZA ŽENSKE ;0,17;133,47;NE;46.05221;14.52078
OE LJUBLJANA                  ;UNIVERZITETNI KLINIČNI CENTER LJUBLJANA;ZALOŠKA CESTA 2;1000 LJUBLJANA;DRUŠKOVIČ  MIRJAM ;SPLOŠNA DEJAVNOST - DISPANZER ZA ŽENSKE ;0,10;169,34;NE;46.05221;14.52078
OE LJUBLJANA                  ;UNIVERZITETNI KLINIČNI CENTER LJUBLJANA;ZALOŠKA CESTA 2;1000 LJUBLJANA;DRUSANY STARIČ KRISTINA ;SPLOŠNA DEJAVNOST - DISPANZER ZA ŽENSKE ;0,16;73,14;DA;46.05221;14.52078
OE LJUBLJANA                  ;UNIVERZITETNI KLINIČNI CENTER LJUBLJANA;ZALOŠKA CESTA 2;1000 LJUBLJANA;FABJAN VODUŠEK VESNA ;SPLOŠNA DEJAVNOST - DISPANZER ZA ŽENSKE ;0,17;175,90;NE;46.05221;14.52078
OE LJUBLJANA                  ;UNIVERZITETNI KLINIČNI CENTER LJUBLJANA;ZALOŠKA CESTA 2;1000 LJUBLJANA;GERŠAK  KSENIJA ;SPLOŠNA DEJAVNOST - DISPANZER ZA ŽENSKE ;0,15;112,56;NE;46.05221;14.52078
OE LJUBLJANA                  ;UNIVERZITETNI KLINIČNI CENTER LJUBLJANA;ZALOŠKA CESTA 2;1000 LJUBLJANA;IMAMOVIĆ KUMALIĆ SENKA ;SPLOŠNA DEJAVNOST - DISPANZER ZA ŽENSKE ;0,10;62,56;DA;46.05221;14.52078
OE LJUBLJANA                  ;UNIVERZITETNI KLINIČNI CENTER LJUBLJANA;ZALOŠKA CESTA 2;1000 LJUBLJANA;JAKIMOVSKA STEFANOVSKA MARINA ;SPLOŠNA DEJAVNOST - DISPANZER ZA ŽENSKE ;0,10;29,47;DA;46.05221;14.52078
OE LJUBLJANA                  ;UNIVERZITETNI KLINIČNI CENTER LJUBLJANA;ZALOŠKA CESTA 2;1000 LJUBLJANA;JAKOPIČ MAČEK KATJA ;SPLOŠNA DEJAVNOST - DISPANZER ZA ŽENSKE ;0,10;16,51;DA;46.05221;14.52078
OE LJUBLJANA                  ;UNIVERZITETNI KLINIČNI CENTER LJUBLJANA;ZALOŠKA CESTA 2;1000 LJUBLJANA;JANČAR  NINA ;SPLOŠNA DEJAVNOST - DISPANZER ZA ŽENSKE ;0,15;135,37;NE;46.05221;14.52078
OE LJUBLJANA                  ;UNIVERZITETNI KLINIČNI CENTER LJUBLJANA;ZALOŠKA CESTA 2;1000 LJUBLJANA;JANŠA  VID ;SPLOŠNA DEJAVNOST - DISPANZER ZA ŽENSKE ;0,10;11,04;DA;46.05221;14.52078
OE LJUBLJANA                  ;UNIVERZITETNI KLINIČNI CENTER LJUBLJANA;ZALOŠKA CESTA 2;1000 LJUBLJANA;KAVŠEK  GORAZD ;SPLOŠNA DEJAVNOST - DISPANZER ZA ŽENSKE ;0,15;59,33;DA;46.05221;14.52078
OE LJUBLJANA                  ;UNIVERZITETNI KLINIČNI CENTER LJUBLJANA;ZALOŠKA CESTA 2;1000 LJUBLJANA;KENDA ŠUSTER NATAŠA ;SPLOŠNA DEJAVNOST - DISPANZER ZA ŽENSKE ;0,10;0,32;DA;46.05221;14.52078
OE LJUBLJANA                  ;UNIVERZITETNI KLINIČNI CENTER LJUBLJANA;ZALOŠKA CESTA 2;1000 LJUBLJANA;KOŠIR POGAČNIK RENATA ;SPLOŠNA DEJAVNOST - DISPANZER ZA ŽENSKE ;0,10;45,49;DA;46.05221;14.52078
OE LJUBLJANA                  ;UNIVERZITETNI KLINIČNI CENTER LJUBLJANA;ZALOŠKA CESTA 2;1000 LJUBLJANA;KOBAL  BORUT ;SPLOŠNA DEJAVNOST - DISPANZER ZA ŽENSKE ;0,15;112,62;NE;46.05221;14.52078
OE LJUBLJANA                  ;UNIVERZITETNI KLINIČNI CENTER LJUBLJANA;ZALOŠKA CESTA 2;1000 LJUBLJANA;KOROŠEC  SARA ;SPLOŠNA DEJAVNOST - DISPANZER ZA ŽENSKE ;0,15;73,70;DA;46.05221;14.52078
OE LJUBLJANA                  ;UNIVERZITETNI KLINIČNI CENTER LJUBLJANA;ZALOŠKA CESTA 2;1000 LJUBLJANA;KOSTOSKI  SAŠO ;SPLOŠNA DEJAVNOST - DISPANZER ZA ŽENSKE ;0,10;37,87;DA;46.05221;14.52078
OE LJUBLJANA                  ;UNIVERZITETNI KLINIČNI CENTER LJUBLJANA;ZALOŠKA CESTA 2;1000 LJUBLJANA;KUNIČ  TINA ;SPLOŠNA DEJAVNOST - DISPANZER ZA ŽENSKE ;0,10;13,53;DA;46.05221;14.52078
OE LJUBLJANA                  ;UNIVERZITETNI KLINIČNI CENTER LJUBLJANA;ZALOŠKA CESTA 2;1000 LJUBLJANA;LUČOVNIK  MIHA ;SPLOŠNA DEJAVNOST - DISPANZER ZA ŽENSKE ;0,10;108,36;NE;46.05221;14.52078
OE LJUBLJANA                  ;UNIVERZITETNI KLINIČNI CENTER LJUBLJANA;ZALOŠKA CESTA 2;1000 LJUBLJANA;LUKANOVIĆ  ADOLF ;SPLOŠNA DEJAVNOST - DISPANZER ZA ŽENSKE ;0,17;63,94;DA;46.05221;14.52078
OE LJUBLJANA                  ;UNIVERZITETNI KLINIČNI CENTER LJUBLJANA;ZALOŠKA CESTA 2;1000 LJUBLJANA;MEGLIČ  LEON ;SPLOŠNA DEJAVNOST - DISPANZER ZA ŽENSKE ;0,20;86,01;DA;46.05221;14.52078
OE LJUBLJANA                  ;UNIVERZITETNI KLINIČNI CENTER LJUBLJANA;ZALOŠKA CESTA 2;1000 LJUBLJANA;PEČLIN  POLONA ;SPLOŠNA DEJAVNOST - DISPANZER ZA ŽENSKE ;0,10;35,83;DA;46.05221;14.52078
OE LJUBLJANA                  ;UNIVERZITETNI KLINIČNI CENTER LJUBLJANA;ZALOŠKA CESTA 2;1000 LJUBLJANA;PINTER  BOJANA ;SPLOŠNA DEJAVNOST - DISPANZER ZA ŽENSKE ;0,15;153,38;NE;46.05221;14.52078
OE LJUBLJANA                  ;UNIVERZITETNI KLINIČNI CENTER LJUBLJANA;ZALOŠKA CESTA 2;1000 LJUBLJANA;POŽLEP  BARBARA ;SPLOŠNA DEJAVNOST - DISPANZER ZA ŽENSKE ;0,20;176,99;NE;46.05221;14.52078
OE LJUBLJANA                  ;UNIVERZITETNI KLINIČNI CENTER LJUBLJANA;ZALOŠKA CESTA 2;1000 LJUBLJANA;PREMRU SRŠEN TANJA ;SPLOŠNA DEJAVNOST - DISPANZER ZA ŽENSKE ;0,17;95,02;DA;46.05221;14.52078
OE LJUBLJANA                  ;UNIVERZITETNI KLINIČNI CENTER LJUBLJANA;ZALOŠKA CESTA 2;1000 LJUBLJANA;PUŠENJAK  STANKO ;SPLOŠNA DEJAVNOST - DISPANZER ZA ŽENSKE ;0,15;87,06;DA;46.05221;14.52078
OE LJUBLJANA                  ;UNIVERZITETNI KLINIČNI CENTER LJUBLJANA;ZALOŠKA CESTA 2;1000 LJUBLJANA;RONČEVIĆ  LJUBOMIR ;SPLOŠNA DEJAVNOST - DISPANZER ZA ŽENSKE ;0,17;92,49;DA;46.05221;14.52078
OE LJUBLJANA                  ;UNIVERZITETNI KLINIČNI CENTER LJUBLJANA;ZALOŠKA CESTA 2;1000 LJUBLJANA;SMRKOLJ  ŠPELA ;SPLOŠNA DEJAVNOST - DISPANZER ZA ŽENSKE ;0,15;80,16;DA;46.05221;14.52078
OE LJUBLJANA                  ;UNIVERZITETNI KLINIČNI CENTER LJUBLJANA;ZALOŠKA CESTA 2;1000 LJUBLJANA;STEBLOVNIK  LILI ;SPLOŠNA DEJAVNOST - DISPANZER ZA ŽENSKE ;0,20;89,22;DA;46.05221;14.52078
OE LJUBLJANA                  ;UNIVERZITETNI KLINIČNI CENTER LJUBLJANA;ZALOŠKA CESTA 2;1000 LJUBLJANA;TROJNER BREGAR ANDREJA ;SPLOŠNA DEJAVNOST - DISPANZER ZA ŽENSKE ;0,15;109,31;NE;46.05221;14.52078
OE LJUBLJANA                  ;UNIVERZITETNI KLINIČNI CENTER LJUBLJANA;ZALOŠKA CESTA 2;1000 LJUBLJANA;VIDMAR ŠIMIC MARIJANA ;SPLOŠNA DEJAVNOST - DISPANZER ZA ŽENSKE ;0,10;108,58;NE;46.05221;14.52078
OE LJUBLJANA                  ;UNIVERZITETNI KLINIČNI CENTER LJUBLJANA;ZALOŠKA CESTA 2;1000 LJUBLJANA;VOGLER  ANDREJ ;SPLOŠNA DEJAVNOST - DISPANZER ZA ŽENSKE ;0,20;118,53;NE;46.05221;14.52078
OE LJUBLJANA                  ;UNIVERZITETNI KLINIČNI CENTER LJUBLJANA;ZALOŠKA CESTA 2;1000 LJUBLJANA;VRTAČNIK BOKAL EDA ;SPLOŠNA DEJAVNOST - DISPANZER ZA ŽENSKE ;0,20;114,75;NE;46.05221;14.52078
OE LJUBLJANA                  ;UNIVERZITETNI KLINIČNI CENTER LJUBLJANA;ZALOŠKA CESTA 2;1000 LJUBLJANA;ZORE  ANDREJ ;SPLOŠNA DEJAVNOST - DISPANZER ZA ŽENSKE ;0,15;155,68;NE;46.05221;14.52078
OE LJUBLJANA                  ;ZD LJUBLJANA - ŠENTVID;OB ZDRAVSTVENEM DOMU 1;1210 LJUBLJANA - ŠENTVID;TOFF  RENATA ;SPLOŠNA DEJAVNOST - DISPANZER ZA ŽENSKE ;1,00;112,15;NE;46.09856;14.46490
OE LJUBLJANA                  ;ZD LJUBLJANA - ŠIŠKA;DERČEVA ULICA 5;1000 LJUBLJANA;GREBENC  MOJCA ;SPLOŠNA DEJAVNOST - DISPANZER ZA ŽENSKE ;1,00;102,33;NE;46.06847;14.48800
OE LJUBLJANA                  ;ZD LJUBLJANA - ŠIŠKA;DERČEVA ULICA 5;1000 LJUBLJANA;SRNOVRŠNIK  TINKARA ;SPLOŠNA DEJAVNOST - DISPANZER ZA ŽENSKE ;1,00;104,62;NE;46.06847;14.48800
OE LJUBLJANA                  ;ZD LJUBLJANA - BEŽIGRAD;KRŽIČEVA ULICA 10;1000 LJUBLJANA;ŽIGON  LENA ;SPLOŠNA DEJAVNOST - DISPANZER ZA ŽENSKE ;1,00;115,65;NE;46.06465;14.51105
OE LJUBLJANA                  ;ZD LJUBLJANA - CENTER;METELKOVA ULICA 9;1000 LJUBLJANA;ERŽEN VRLIČ PETRA ;SPLOŠNA DEJAVNOST - DISPANZER ZA ŽENSKE ;1,00;112,16;NE;46.05658;14.51516
OE LJUBLJANA                  ;ZD LJUBLJANA - CENTER;METELKOVA ULICA 9;1000 LJUBLJANA;VRHKAR  NATAŠA ;SPLOŠNA DEJAVNOST - DISPANZER ZA ŽENSKE ;0,60;99,07;DA;46.05658;14.51516
OE LJUBLJANA                  ;ZD LJUBLJANA - MOSTE - POLJE;PRVOMAJSKA ULICA 5;1000 LJUBLJANA;AL DAGHISTANI  RAID ;SPLOŠNA DEJAVNOST - DISPANZER ZA ŽENSKE ;1,00;51,97;DA;46.05588;14.53132
OE LJUBLJANA                  ;ZD LJUBLJANA - MOSTE - POLJE;PRVOMAJSKA ULICA 5;1000 LJUBLJANA;DOMAZET FINK JADRANKA ;SPLOŠNA DEJAVNOST - DISPANZER ZA ŽENSKE ;1,00;106,30;NE;46.05588;14.53132
OE LJUBLJANA                  ;ZD LJUBLJANA - MOSTE - POLJE;PRVOMAJSKA ULICA 5;1000 LJUBLJANA;GAŠPER OBLAK URŠKA ;SPLOŠNA DEJAVNOST - DISPANZER ZA ŽENSKE ;1,00;106,05;NE;46.05588;14.53132
OE LJUBLJANA                  ;ZD LJUBLJANA - MOSTE - POLJE;PRVOMAJSKA ULICA 5;1000 LJUBLJANA;TRBIĆ  DRAGANA ;SPLOŠNA DEJAVNOST - DISPANZER ZA ŽENSKE ;1,00;75,91;DA;46.05588;14.53132
OE LJUBLJANA                  ;ZD LJUBLJANA - VIČ - RUDNIK;ŠESTOVA ULICA 10;1000 LJUBLJANA;KLUN  ALEŠ ;SPLOŠNA DEJAVNOST - DISPANZER ZA ŽENSKE ;1,00;101,09;NE;46.04631;14.48719
OE LJUBLJANA                  ;ZD LJUBLJANA - VIČ - RUDNIK;ŠESTOVA ULICA 10;1000 LJUBLJANA;MALIĆ VONČINA SLAĐANA ;SPLOŠNA DEJAVNOST - DISPANZER ZA ŽENSKE ;1,00;100,13;NE;46.04631;14.48719
OE LJUBLJANA                  ;ZD LJUBLJANA - VIČ - RUDNIK;ŠESTOVA ULICA 10;1000 LJUBLJANA;MEDVED  ROBERT ;SPLOŠNA DEJAVNOST - DISPANZER ZA ŽENSKE ;0,40;104,53;NE;46.04631;14.48719
OE LJUBLJANA                  ;ZDRAVSTVENI DOM MEDVODE;OSTROVRHARJEVA ULICA 6;1215 MEDVODE;MILENKOVSKA  BILJANA ;SPLOŠNA DEJAVNOST - DISPANZER ZA ŽENSKE ;1,00;97,20;DA;46.14536;14.40560
OE LJUBLJANA                  ;ZDRAVSTVENI DOM ZA ŠTUDENTE UNIVERZE V LJUBLJANI;AŠKERČEVA CESTA 4;1000 LJUBLJANA;KUHELJ RECER JASNA ;SPLOŠNA DEJAVNOST - DISPANZER ZA ŽENSKE ;1,00;95,93;DA;46.04687;14.49914
OE LJUBLJANA                  ;ZDRAVSTVENI DOM ZA ŠTUDENTE UNIVERZE V LJUBLJANI;AŠKERČEVA CESTA 4;1000 LJUBLJANA;RAJIĆ  MIŠO ;SPLOŠNA DEJAVNOST - DISPANZER ZA ŽENSKE ;1,00;101,10;NE;46.04687;14.49914
OE LJUBLJANA                  ;COLJA LOVŠIN BRANKA - ZASEBNA GINEKOLOŠKA ORDINACIJA;LINHARTOVA CESTA 5;1000 LJUBLJANA;COLJA LOVŠIN BRANKA ;SPLOŠNA DEJAVNOST - DISPANZER ZA ŽENSKE ;1,00;104,85;NE;46.06405;14.50981
OE LJUBLJANA                  ;DR. IRINA VOSTRUEVA, SPECIALISTIČNA ZDRAVSTVENA DEJAVNOST, D.O.O.;PERIČEVA ULICA 29;1000 LJUBLJANA;VOSTRUEVA  IRINA ;SPLOŠNA DEJAVNOST - DISPANZER ZA ŽENSKE ;1,00;55,66;DA;46.06668;14.51192
OE LJUBLJANA                  ;GINEKOLOGIJA MEGLIČ, SPECIALISTIČNA DEJAVNOST NA PODROČJU GINEKOLOGIJE, PERINATOLOGIJE, ULTRAZVOČNE DIAGNOSTIKE, OPERATIVNE IN ESTETSKE GINEKOLOGIJE, D.O.O.;CESTA 25;8213 VELIKI GABER;MEGLIČ  PETRA ;SPLOŠNA DEJAVNOST - DISPANZER ZA ŽENSKE ;1,00;99,66;DA;45.94446;14.89143
OE LJUBLJANA                  ;KATARINA GALIČ JERMAN, DR. MED., AMBULANTA ZA GINEKOLOGIJO IN PORODNIŠTVO;METELKOVA ULICA 15;1000 LJUBLJANA;JERMAN  KATARINA ;SPLOŠNA DEJAVNOST - DISPANZER ZA ŽENSKE ;1,00;100,03;NE;46.05705;14.51547
OE LJUBLJANA                  ;KRIŽAJ ZILJANA - ORDINACIJA GINEKOLOGIJE IN PORODNIŠTVA;CESTA V MESTNI LOG 55;1000 LJUBLJANA;KRIŽAJ  ZILJANA ;SPLOŠNA DEJAVNOST - DISPANZER ZA ŽENSKE ;1,00;85,76;DA;46.03620;14.48957
OE LJUBLJANA                  ;ROJNIK BARBARA - GINEKOLOŠKA ORDINACIJA;METELKOVA ULICA 15;1000 LJUBLJANA;ROJNIK  BARBARA ;SPLOŠNA DEJAVNOST - DISPANZER ZA ŽENSKE ;1,00;93,29;DA;46.05705;14.51547
OE LJUBLJANA                  ;SISTEMIS ZDRAVSTVENA IN POSLOVNA DEJAVNOST, D.O.O.;VURNIKOVA ULICA 9;1000 LJUBLJANA;ANTONIĆ BABNIK JASMINA ;SPLOŠNA DEJAVNOST - DISPANZER ZA ŽENSKE ;1,00;103,67;NE;46.06262;14.51543
OE LJUBLJANA                  ;TADEJA ŠTRUMBELJ, DR.MED., ZASEBNI ZDRAVSTVENI ZAVOD ŠTRUMBELJ;NA PALCAH 2;1211 LJUBLJANA - ŠMARTNO;ŠTRUMBELJ  TADEJA ;SPLOŠNA DEJAVNOST - DISPANZER ZA ŽENSKE ;0,50;103,19;NE;46.12111;14.47331
OE LJUBLJANA                  ;TATALOVIČ RATKO - AMBULANTA GINEKOLOGIJE IN PORODNIŠTVA;TBILISIJSKA ULICA 59;1000 LJUBLJANA;TATALOVIČ  RATKO ;SPLOŠNA DEJAVNOST - DISPANZER ZA ŽENSKE ;1,00;99,37;DA;46.03762;14.47887
OE LJUBLJANA                  ;ZDRAVSTVENI CENTER DRAVLJE D.O.O.;CESTA NA POLJANE 24;1210 LJUBLJANA - ŠENTVID;REŠ MURAVEC URŠULA ;SPLOŠNA DEJAVNOST - DISPANZER ZA ŽENSKE ;0,55;96,40;DA;46.09337;14.47463
IZPOSTAVA CERKNICA            ;ZDRAVSTVENI DOM DR. BOŽIDARJA LAVRIČA - CERKNICA;CESTA 4. MAJA 17;1380 CERKNICA;HABJAN  MARUŠA ;SPLOŠNA DEJAVNOST - DISPANZER ZA ŽENSKE ;0,50;176,87;NE;45.79121;14.36578
IZPOSTAVA DOMŽALE             ;ZDRAVSTVENI DOM DOMŽALE;MESTNI TRG 2;1230 DOMŽALE;JEMEC  MOJCA ;SPLOŠNA DEJAVNOST - DISPANZER ZA ŽENSKE ;1,00;99,49;DA;46.13975;14.59617
IZPOSTAVA DOMŽALE             ;ZDRAVSTVENI DOM DOMŽALE;MESTNI TRG 2;1230 DOMŽALE;MARINŠEK MARKOVIĆ KARMEN ;SPLOŠNA DEJAVNOST - DISPANZER ZA ŽENSKE ;1,00;70,37;DA;46.13975;14.59617
IZPOSTAVA DOMŽALE             ;ZDRAVSTVENI DOM DOMŽALE;MESTNI TRG 2;1230 DOMŽALE;OSVALD AVGUŠTIN NINA ;SPLOŠNA DEJAVNOST - DISPANZER ZA ŽENSKE ;1,00;96,95;DA;46.13975;14.59617
IZPOSTAVA DOMŽALE             ;ZDRAVSTVENI DOM DOMŽALE;MESTNI TRG 2;1230 DOMŽALE;TONIN  IRENA ;SPLOŠNA DEJAVNOST - DISPANZER ZA ŽENSKE ;1,00;105,95;NE;46.13975;14.59617
IZPOSTAVA GROSUPLJE           ;ZDRAVSTVENI DOM GROSUPLJE;POD GOZDOM CESTA I 14;1290 GROSUPLJE;TRAMPUŽ  SAŠA ;SPLOŠNA DEJAVNOST - DISPANZER ZA ŽENSKE ;0,95;106,29;NE;45.95943;14.65315
IZPOSTAVA GROSUPLJE           ;ZDRAVSTVENI DOM IVANČNA GORICA;CESTA 2. GRUPE ODREDOV 16;1295 IVANČNA GORICA;BURNIK PAPLER TANJA ;SPLOŠNA DEJAVNOST - DISPANZER ZA ŽENSKE ;0,35;84,22;DA;45.93760;14.80558
IZPOSTAVA GROSUPLJE           ;ZDRAVSTVENI DOM IVANČNA GORICA;CESTA 2. GRUPE ODREDOV 16;1295 IVANČNA GORICA;DOMAZET FINK JADRANKA ;SPLOŠNA DEJAVNOST - DISPANZER ZA ŽENSKE ;0,35;121,03;NE;45.93760;14.80558
IZPOSTAVA GROSUPLJE           ;ZDRAVSTVENI DOM IVANČNA GORICA;CESTA 2. GRUPE ODREDOV 16;1295 IVANČNA GORICA;POGAČNIK  ANDREJ ;SPLOŠNA DEJAVNOST - DISPANZER ZA ŽENSKE ;0,30;126,49;NE;45.93760;14.80558
IZPOSTAVA HRASTNIK            ;ZDRAVSTVENI DOM HRASTNIK;NOVI DOM 11;1430 HRASTNIK;MILANOVIĆ  OLIVERA ;SPLOŠNA DEJAVNOST - DISPANZER ZA ŽENSKE ;0,60;0,00;DA;46.14030;15.08513
IZPOSTAVA HRASTNIK            ;ZDRAVSTVENI DOM HRASTNIK;NOVI DOM 11;1430 HRASTNIK;ZUPANC  UNITA ;SPLOŠNA DEJAVNOST - DISPANZER ZA ŽENSKE ;0,10;362,79;NE;46.14030;15.08513
IZPOSTAVA IDRIJA              ;ZDRAVSTVENI DOM IDRIJA;ULICA OTONA ŽUPANČIČA 3;5280 IDRIJA;ERŽEN RUPNIK URŠKA ;SPLOŠNA DEJAVNOST - DISPANZER ZA ŽENSKE ;0,80;45,22;DA;46.00220;14.03036
IZPOSTAVA KAMNIK              ;ZDRAVSTVENI DOM DR. JULIJA POLCA KAMNIK;NOVI TRG 26;1241 KAMNIK;GOSLAR ŽIBERNA TAMARA ;SPLOŠNA DEJAVNOST - DISPANZER ZA ŽENSKE ;1,00;96,72;DA;46.22139;14.61328
IZPOSTAVA KAMNIK              ;ZDRAVSTVENI DOM DR. JULIJA POLCA KAMNIK;NOVI TRG 26;1241 KAMNIK;KOLAR KURENT KATARINA ;SPLOŠNA DEJAVNOST - DISPANZER ZA ŽENSKE ;0,37;55,36;DA;46.22139;14.61328
IZPOSTAVA KAMNIK              ;ZDRAVSTVENI DOM DR. JULIJA POLCA KAMNIK;NOVI TRG 26;1241 KAMNIK;MERKUN  MAJA ;SPLOŠNA DEJAVNOST - DISPANZER ZA ŽENSKE ;1,00;94,04;DA;46.22139;14.61328
IZPOSTAVA KOČEVJE             ;ZDRAVSTVENI DOM KOČEVJE;ROŠKA CESTA 18;1330 KOČEVJE;JEVTIĆ-ĐORĐEVIĆ IVANA ;SPLOŠNA DEJAVNOST - DISPANZER ZA ŽENSKE ;1,02;70,18;DA;45.63938;14.86562
IZPOSTAVA LITIJA              ;ZDRAVSTVENI DOM LITIJA;PARTIZANSKA POT 8 A;1270 LITIJA;JURCA  MIRKO FRANCI;SPLOŠNA DEJAVNOST - DISPANZER ZA ŽENSKE ;0,35;33,20;DA;46.05389;14.83656
IZPOSTAVA LITIJA              ;ZDRAVSTVENI DOM LITIJA;PARTIZANSKA POT 8 A;1270 LITIJA;KEŽAR  JOŽEFA ;SPLOŠNA DEJAVNOST - DISPANZER ZA ŽENSKE ;1,20;105,30;NE;46.05389;14.83656
IZPOSTAVA LITIJA              ;ZDRAVSTVENI DOM LITIJA;PARTIZANSKA POT 8 A;1270 LITIJA;KIRAR FAZARINC IRENA ;SPLOŠNA DEJAVNOST - DISPANZER ZA ŽENSKE ;0,15;20,53;DA;46.05389;14.83656
IZPOSTAVA LOGATEC             ;ZDRAVSTVENI DOM LOGATEC;NOTRANJSKA CESTA 2;1370 LOGATEC;TELENTA  KALINA ;SPLOŠNA DEJAVNOST - DISPANZER ZA ŽENSKE ;1,00;55,21;DA;45.91681;14.22768
IZPOSTAVA RIBNICA             ;ZDRAVSTVENI DOM DR. JANEZA ORAŽMA RIBNICA;MAJNIKOVA ULICA 1;1310 RIBNICA;KOŠIR  MARJETA ;SPLOŠNA DEJAVNOST - DISPANZER ZA ŽENSKE ;0,70;88,50;DA;45.74239;14.72596
IZPOSTAVA TRBOVLJE            ;SPLOŠNA BOLNIŠNICA TRBOVLJE;RUDARSKA CESTA 9;1420 TRBOVLJE;BRICL  ŠPELA ;SPLOŠNA DEJAVNOST - DISPANZER ZA ŽENSKE ;0,19;101,83;NE;46.15398;15.04710
IZPOSTAVA TRBOVLJE            ;SPLOŠNA BOLNIŠNICA TRBOVLJE;RUDARSKA CESTA 9;1420 TRBOVLJE;KERŠIČ  MARUŠA ;SPLOŠNA DEJAVNOST - DISPANZER ZA ŽENSKE ;0,10;21,11;DA;46.15398;15.04710
IZPOSTAVA TRBOVLJE            ;SPLOŠNA BOLNIŠNICA TRBOVLJE;RUDARSKA CESTA 9;1420 TRBOVLJE;KERŠIČ  MATEJ ;SPLOŠNA DEJAVNOST - DISPANZER ZA ŽENSKE ;0,10;41,86;DA;46.15398;15.04710
IZPOSTAVA TRBOVLJE            ;SPLOŠNA BOLNIŠNICA TRBOVLJE;RUDARSKA CESTA 9;1420 TRBOVLJE;POGAČNIK  ANDREJ ;SPLOŠNA DEJAVNOST - DISPANZER ZA ŽENSKE ;0,23;170,21;NE;46.15398;15.04710
IZPOSTAVA TRBOVLJE            ;SPLOŠNA BOLNIŠNICA TRBOVLJE;RUDARSKA CESTA 9;1420 TRBOVLJE;SOTENŠEK  URŠKA ;SPLOŠNA DEJAVNOST - DISPANZER ZA ŽENSKE ;0,22;122,12;NE;46.15398;15.04710
IZPOSTAVA TRBOVLJE            ;ZDRAVSTVENI DOM TRBOVLJE TRBOVLJE, RUDARSKA CESTA 12;RUDARSKA CESTA 12;1420 TRBOVLJE;SKUŠEK FAKIN CVETKA ;SPLOŠNA DEJAVNOST - DISPANZER ZA ŽENSKE ;1,10;86,72;DA;46.15511;15.04796
IZPOSTAVA VRHNIKA             ;ZDRAVSTVENI DOM VRHNIKA;CESTA 6. MAJA 11;1360 VRHNIKA;SORČ  LUCIJA ;SPLOŠNA DEJAVNOST - DISPANZER ZA ŽENSKE ;1,00;93,92;DA;45.96278;14.29358
IZPOSTAVA VRHNIKA             ;ILIJAŠ KOŽELJ MARIJA - GINEKOLOŠKA AMBULANTA;ROBOVA CESTA 6;1360 VRHNIKA;ILIJAŠ KOŽELJ MARIJA ;SPLOŠNA DEJAVNOST - DISPANZER ZA ŽENSKE ;1,00;96,32;DA;45.96751;14.29722
IZPOSTAVA ZAGORJE             ;MLINARIČ MARKO - GINEKOLOG IN PORODNIČAR;CESTA ZMAGE 1;1410 ZAGORJE OB SAVI;MLINARIČ  MARKO ;SPLOŠNA DEJAVNOST - DISPANZER ZA ŽENSKE ;1,04;103,05;NE;46.13385;14.99570
OE MARIBOR                    ;UNIVERZITETNI KLINIČNI CENTER MARIBOR;LJUBLJANSKA ULICA 5;2000 MARIBOR;ŽEGURA ANDRIĆ BRANKA ;SPLOŠNA DEJAVNOST - DISPANZER ZA ŽENSKE ;0,10;97,97;DA;46.55289;15.64858
OE MARIBOR                    ;UNIVERZITETNI KLINIČNI CENTER MARIBOR;LJUBLJANSKA ULICA 5;2000 MARIBOR;ŠUMAK  ROK ;SPLOŠNA DEJAVNOST - DISPANZER ZA ŽENSKE ;0,10;3,87;DA;46.55289;15.64858
OE MARIBOR                    ;UNIVERZITETNI KLINIČNI CENTER MARIBOR;LJUBLJANSKA ULICA 5;2000 MARIBOR;AL MAHDAWI  LEYLA ;SPLOŠNA DEJAVNOST - DISPANZER ZA ŽENSKE ;0,10;42,55;DA;46.55289;15.64858
OE MARIBOR                    ;UNIVERZITETNI KLINIČNI CENTER MARIBOR;LJUBLJANSKA ULICA 5;2000 MARIBOR;ANZELJC  VERONIKA ;SPLOŠNA DEJAVNOST - DISPANZER ZA ŽENSKE ;0,10;91,35;DA;46.55289;15.64858
OE MARIBOR                    ;UNIVERZITETNI KLINIČNI CENTER MARIBOR;LJUBLJANSKA ULICA 5;2000 MARIBOR;BALI  ROBERT ;SPLOŠNA DEJAVNOST - DISPANZER ZA ŽENSKE ;0,10;119,59;NE;46.55289;15.64858
OE MARIBOR                    ;UNIVERZITETNI KLINIČNI CENTER MARIBOR;LJUBLJANSKA ULICA 5;2000 MARIBOR;BIZJAK  TINA ;SPLOŠNA DEJAVNOST - DISPANZER ZA ŽENSKE ;0,10;83,87;DA;46.55289;15.64858
OE MARIBOR                    ;UNIVERZITETNI KLINIČNI CENTER MARIBOR;LJUBLJANSKA ULICA 5;2000 MARIBOR;BONČA  BARBARA ;SPLOŠNA DEJAVNOST - DISPANZER ZA ŽENSKE ;0,10;26,97;DA;46.55289;15.64858
OE MARIBOR                    ;UNIVERZITETNI KLINIČNI CENTER MARIBOR;LJUBLJANSKA ULICA 5;2000 MARIBOR;BUT  IGOR ;SPLOŠNA DEJAVNOST - DISPANZER ZA ŽENSKE ;0,10;65,07;DA;46.55289;15.64858
OE MARIBOR                    ;UNIVERZITETNI KLINIČNI CENTER MARIBOR;LJUBLJANSKA ULICA 5;2000 MARIBOR;COKAN  ANDREJ ;SPLOŠNA DEJAVNOST - DISPANZER ZA ŽENSKE ;0,10;38,62;DA;46.55289;15.64858
OE MARIBOR                    ;UNIVERZITETNI KLINIČNI CENTER MARIBOR;LJUBLJANSKA ULICA 5;2000 MARIBOR;CRNOBRNJA  BOJANA ;SPLOŠNA DEJAVNOST - DISPANZER ZA ŽENSKE ;0,10;70,74;DA;46.55289;15.64858
OE MARIBOR                    ;UNIVERZITETNI KLINIČNI CENTER MARIBOR;LJUBLJANSKA ULICA 5;2000 MARIBOR;DOVNIK  ANDRAŽ ;SPLOŠNA DEJAVNOST - DISPANZER ZA ŽENSKE ;0,10;39,63;DA;46.55289;15.64858
OE MARIBOR                    ;UNIVERZITETNI KLINIČNI CENTER MARIBOR;LJUBLJANSKA ULICA 5;2000 MARIBOR;GAVRIĆ LOVREC VIDA ;SPLOŠNA DEJAVNOST - DISPANZER ZA ŽENSKE ;0,10;124,08;NE;46.55289;15.64858
OE MARIBOR                    ;UNIVERZITETNI KLINIČNI CENTER MARIBOR;LJUBLJANSKA ULICA 5;2000 MARIBOR;KNEZ  JURE ;SPLOŠNA DEJAVNOST - DISPANZER ZA ŽENSKE ;0,10;45,66;DA;46.55289;15.64858
OE MARIBOR                    ;UNIVERZITETNI KLINIČNI CENTER MARIBOR;LJUBLJANSKA ULICA 5;2000 MARIBOR;KORES TESTEN POLONA ;SPLOŠNA DEJAVNOST - DISPANZER ZA ŽENSKE ;0,10;104,61;NE;46.55289;15.64858
OE MARIBOR                    ;UNIVERZITETNI KLINIČNI CENTER MARIBOR;LJUBLJANSKA ULICA 5;2000 MARIBOR;KOVAČ  VILMA ;SPLOŠNA DEJAVNOST - DISPANZER ZA ŽENSKE ;0,10;102,95;NE;46.55289;15.64858
OE MARIBOR                    ;UNIVERZITETNI KLINIČNI CENTER MARIBOR;LJUBLJANSKA ULICA 5;2000 MARIBOR;KOZAR  NEJC ;SPLOŠNA DEJAVNOST - DISPANZER ZA ŽENSKE ;0,10;13,90;DA;46.55289;15.64858
OE MARIBOR                    ;UNIVERZITETNI KLINIČNI CENTER MARIBOR;LJUBLJANSKA ULICA 5;2000 MARIBOR;KUDER  LUCIJA ;SPLOŠNA DEJAVNOST - DISPANZER ZA ŽENSKE ;0,10;174,57;NE;46.55289;15.64858
OE MARIBOR                    ;UNIVERZITETNI KLINIČNI CENTER MARIBOR;LJUBLJANSKA ULICA 5;2000 MARIBOR;LAŠIČ  NINA ;SPLOŠNA DEJAVNOST - DISPANZER ZA ŽENSKE ;0,10;24,72;DA;46.55289;15.64858
OE MARIBOR                    ;UNIVERZITETNI KLINIČNI CENTER MARIBOR;LJUBLJANSKA ULICA 5;2000 MARIBOR;LAMPELJ  MAJA ;SPLOŠNA DEJAVNOST - DISPANZER ZA ŽENSKE ;0,10;144,98;NE;46.55289;15.64858
OE MARIBOR                    ;UNIVERZITETNI KLINIČNI CENTER MARIBOR;LJUBLJANSKA ULICA 5;2000 MARIBOR;LUKMAN  LARA ;SPLOŠNA DEJAVNOST - DISPANZER ZA ŽENSKE ;0,10;50,47;DA;46.55289;15.64858
OE MARIBOR                    ;UNIVERZITETNI KLINIČNI CENTER MARIBOR;LJUBLJANSKA ULICA 5;2000 MARIBOR;MLAKAR  LEA ;SPLOŠNA DEJAVNOST - DISPANZER ZA ŽENSKE ;0,10;100,98;NE;46.55289;15.64858
OE MARIBOR                    ;UNIVERZITETNI KLINIČNI CENTER MARIBOR;LJUBLJANSKA ULICA 5;2000 MARIBOR;MUJEZINOVIĆ  FARIS ;SPLOŠNA DEJAVNOST - DISPANZER ZA ŽENSKE ;0,10;82,96;DA;46.55289;15.64858
OE MARIBOR                    ;UNIVERZITETNI KLINIČNI CENTER MARIBOR;LJUBLJANSKA ULICA 5;2000 MARIBOR;PAKIŽ  MAJA ;SPLOŠNA DEJAVNOST - DISPANZER ZA ŽENSKE ;0,10;62,59;DA;46.55289;15.64858
OE MARIBOR                    ;UNIVERZITETNI KLINIČNI CENTER MARIBOR;LJUBLJANSKA ULICA 5;2000 MARIBOR;PUKL BATISTIĆ JULIJA ;SPLOŠNA DEJAVNOST - DISPANZER ZA ŽENSKE ;0,10;86,96;DA;46.55289;15.64858
OE MARIBOR                    ;UNIVERZITETNI KLINIČNI CENTER MARIBOR;LJUBLJANSKA ULICA 5;2000 MARIBOR;RAKIĆ  KSENIJA ;SPLOŠNA DEJAVNOST - DISPANZER ZA ŽENSKE ;0,10;73,90;DA;46.55289;15.64858
OE MARIBOR                    ;UNIVERZITETNI KLINIČNI CENTER MARIBOR;LJUBLJANSKA ULICA 5;2000 MARIBOR;RAKIĆ  SAŠA ;SPLOŠNA DEJAVNOST - DISPANZER ZA ŽENSKE ;0,10;112,78;NE;46.55289;15.64858
OE MARIBOR                    ;UNIVERZITETNI KLINIČNI CENTER MARIBOR;LJUBLJANSKA ULICA 5;2000 MARIBOR;REBOLJ STARE MARIJA ;SPLOŠNA DEJAVNOST - DISPANZER ZA ŽENSKE ;0,10;123,15;NE;46.55289;15.64858
OE MARIBOR                    ;UNIVERZITETNI KLINIČNI CENTER MARIBOR;LJUBLJANSKA ULICA 5;2000 MARIBOR;RELJIČ  MILAN ;SPLOŠNA DEJAVNOST - DISPANZER ZA ŽENSKE ;0,10;58,53;DA;46.55289;15.64858
OE MARIBOR                    ;UNIVERZITETNI KLINIČNI CENTER MARIBOR;LJUBLJANSKA ULICA 5;2000 MARIBOR;SERDINŠEK  TAMARA ;SPLOŠNA DEJAVNOST - DISPANZER ZA ŽENSKE ;0,10;63,16;DA;46.55289;15.64858
OE MARIBOR                    ;UNIVERZITETNI KLINIČNI CENTER MARIBOR;LJUBLJANSKA ULICA 5;2000 MARIBOR;TAKAČ  IZTOK ;SPLOŠNA DEJAVNOST - DISPANZER ZA ŽENSKE ;0,10;53,64;DA;46.55289;15.64858
OE MARIBOR                    ;UNIVERZITETNI KLINIČNI CENTER MARIBOR;LJUBLJANSKA ULICA 5;2000 MARIBOR;TRPKOVSKA  VALENTINA ;SPLOŠNA DEJAVNOST - DISPANZER ZA ŽENSKE ;0,10;76,58;DA;46.55289;15.64858
OE MARIBOR                    ;UNIVERZITETNI KLINIČNI CENTER MARIBOR;LJUBLJANSKA ULICA 5;2000 MARIBOR;VIDANOVA  SNEZHANA ;SPLOŠNA DEJAVNOST - DISPANZER ZA ŽENSKE ;0,10;43,50;DA;46.55289;15.64858
OE MARIBOR                    ;ZDRAVSTVENI DOM DR. ADOLFA DROLCA MARIBOR;ULICA TALCEV 9;2000 MARIBOR;KOPŠE BERČIČ MOJCA ;SPLOŠNA DEJAVNOST - DISPANZER ZA ŽENSKE ;1,03;102,67;NE;46.55933;15.65183
OE MARIBOR                    ;ZDRAVSTVENI DOM DR. ADOLFA DROLCA MARIBOR;ULICA TALCEV 9;2000 MARIBOR;MAURIČ  DANILO ;SPLOŠNA DEJAVNOST - DISPANZER ZA ŽENSKE ;0,89;102,71;NE;46.55933;15.65183
OE MARIBOR                    ;ZDRAVSTVENI DOM DR. ADOLFA DROLCA MARIBOR;ULICA TALCEV 9;2000 MARIBOR;OZIMIČ  SABINA ;SPLOŠNA DEJAVNOST - DISPANZER ZA ŽENSKE ;1,03;107,96;NE;46.55933;15.65183
OE MARIBOR                    ;ZDRAVSTVENI DOM DR. ADOLFA DROLCA MARIBOR;ULICA TALCEV 9;2000 MARIBOR;PETROVIČ  NELA ;SPLOŠNA DEJAVNOST - DISPANZER ZA ŽENSKE ;1,03;101,97;NE;46.55933;15.65183
OE MARIBOR                    ;ZDRAVSTVENI DOM DR. ADOLFA DROLCA MARIBOR;ULICA TALCEV 9;2000 MARIBOR;VEINGERL  ZDRAVKO ;SPLOŠNA DEJAVNOST - DISPANZER ZA ŽENSKE ;1,03;91,25;DA;46.55933;15.65183
OE MARIBOR                    ;ZDRAVSTVENI DOM DR. ADOLFA DROLCA MARIBOR;ULICA TALCEV 9;2000 MARIBOR;ZAVRŠNIK  SUZANA ;SPLOŠNA DEJAVNOST - DISPANZER ZA ŽENSKE ;1,03;99,78;DA;46.55933;15.65183
OE MARIBOR                    ;GINEKOMED FORUM, ZDRAVSTVENE STORITVE IN SVETOVANJE, D.O.O.;CANKARJEVA ULICA 6 D;2000 MARIBOR;BANDELJ KLANČAR DUŠANKA ;SPLOŠNA DEJAVNOST - DISPANZER ZA ŽENSKE ;1,00;118,94;NE;46.56117;15.65419
OE MARIBOR                    ;GINEKOMED FORUM, ZDRAVSTVENE STORITVE IN SVETOVANJE, D.O.O.;CANKARJEVA ULICA 6 D;2000 MARIBOR;ZAVRŠNIK MIHIČ RENATA ;SPLOŠNA DEJAVNOST - DISPANZER ZA ŽENSKE ;1,20;128,62;NE;46.56117;15.65419
OE MARIBOR                    ;POLIKLINIKA AMBER, ZDRAVSTVENE STORITVE, D.O.O.;LJUBLJANSKA ULICA 9;2000 MARIBOR;BUŠAT  SABRINA ;SPLOŠNA DEJAVNOST - DISPANZER ZA ŽENSKE ;1,00;140,60;NE;46.55337;15.64665
IZPOSTAVA LENART              ;ZDRAVSTVENI DOM LENART;MAISTROVA ULICA 22;2230 LENART V SLOV. GORICAH;ČEBULJ  MOJCA ;SPLOŠNA DEJAVNOST - DISPANZER ZA ŽENSKE ;1,00;117,50;NE;46.57734;15.82896
IZPOSTAVA LENART              ;ZDRAVSTVENI DOM LENART;MAISTROVA ULICA 22;2230 LENART V SLOV. GORICAH;ŽEBELJAN  IVAN ;SPLOŠNA DEJAVNOST - DISPANZER ZA ŽENSKE ;0,40;39,45;DA;46.57734;15.82896
IZPOSTAVA LENART              ;ZDRAVSTVENI DOM LENART;MAISTROVA ULICA 22;2230 LENART V SLOV. GORICAH;KODRIČ  TATJANA ;SPLOŠNA DEJAVNOST - DISPANZER ZA ŽENSKE ;0,30;95,83;DA;46.57734;15.82896
IZPOSTAVA ORMOŽ               ;ZDRAVSTVENI DOM ORMOŽ;ULICA DR. HROVATA 4;2270 ORMOŽ;KŠIVANEK GORŠIČ LIDIJA ;SPLOŠNA DEJAVNOST - DISPANZER ZA ŽENSKE ;0,80;95,58;DA;46.40724;16.14333
IZPOSTAVA PTUJ                ;SPLOŠNA BOLNIŠNICA DR. JOŽETA POTRČA PTUJ;POTRČEVA CESTA 23;2250 PTUJ;BOSILJ  DAMIJANA ;SPLOŠNA DEJAVNOST - DISPANZER ZA ŽENSKE ;0,14;210,04;NE;46.42609;15.87709
IZPOSTAVA PTUJ                ;SPLOŠNA BOLNIŠNICA DR. JOŽETA POTRČA PTUJ;POTRČEVA CESTA 23;2250 PTUJ;DJUKANOVIĆ  SAŠA ;SPLOŠNA DEJAVNOST - DISPANZER ZA ŽENSKE ;0,11;152,17;NE;46.42609;15.87709
IZPOSTAVA PTUJ                ;SPLOŠNA BOLNIŠNICA DR. JOŽETA POTRČA PTUJ;POTRČEVA CESTA 23;2250 PTUJ;KRAJNC  PETRA ;SPLOŠNA DEJAVNOST - DISPANZER ZA ŽENSKE ;0,11;109,20;NE;46.42609;15.87709
IZPOSTAVA PTUJ                ;SPLOŠNA BOLNIŠNICA DR. JOŽETA POTRČA PTUJ;POTRČEVA CESTA 23;2250 PTUJ;KRANJC STRNAD MATEJA ;SPLOŠNA DEJAVNOST - DISPANZER ZA ŽENSKE ;0,11;71,64;DA;46.42609;15.87709
IZPOSTAVA PTUJ                ;SPLOŠNA BOLNIŠNICA DR. JOŽETA POTRČA PTUJ;POTRČEVA CESTA 23;2250 PTUJ;MARČEC  MATEJA ;SPLOŠNA DEJAVNOST - DISPANZER ZA ŽENSKE ;0,11;120,69;NE;46.42609;15.87709
IZPOSTAVA PTUJ                ;SPLOŠNA BOLNIŠNICA DR. JOŽETA POTRČA PTUJ;POTRČEVA CESTA 23;2250 PTUJ;SAMOJLENKO DURIČ MAŠA ;SPLOŠNA DEJAVNOST - DISPANZER ZA ŽENSKE ;0,11;34,55;DA;46.42609;15.87709
IZPOSTAVA PTUJ                ;SPLOŠNA BOLNIŠNICA DR. JOŽETA POTRČA PTUJ;POTRČEVA CESTA 23;2250 PTUJ;ZUPANČIČ PRIDGAR ALENKA ;SPLOŠNA DEJAVNOST - DISPANZER ZA ŽENSKE ;0,11;149,05;NE;46.42609;15.87709
IZPOSTAVA PTUJ                ;ZDRAVSTVENI DOM PTUJ;POTRČEVA CESTA 19 A;2250 PTUJ;ŠUČUR  VESELIN ;SPLOŠNA DEJAVNOST - DISPANZER ZA ŽENSKE ;1,05;147,21;NE;46.42513;15.87566
IZPOSTAVA PTUJ                ;ZDRAVSTVENI DOM PTUJ;POTRČEVA CESTA 19 A;2250 PTUJ;KOLAR  TATJANA ;SPLOŠNA DEJAVNOST - DISPANZER ZA ŽENSKE ;1,05;100,74;NE;46.42513;15.87566
IZPOSTAVA PTUJ                ;AMBULANTA ROSIČ, ZDRAVSTVENE STORITVE IN SVETOVANJE, D.O.O.;POT V TOPLICE 9;2250 PTUJ;ROSIČ  DUŠAN ;SPLOŠNA DEJAVNOST - DISPANZER ZA ŽENSKE ;1,00;76,63;DA;46.42154;15.85575
IZPOSTAVA PTUJ                ;AMBULANTA ROSIČ, ZDRAVSTVENE STORITVE IN SVETOVANJE, D.O.O.;POT V TOPLICE 9;2250 PTUJ;ROSIČ  MAJA ;SPLOŠNA DEJAVNOST - DISPANZER ZA ŽENSKE ;0,20;354,12;NE;46.42154;15.85575
IZPOSTAVA PTUJ                ;MILUMED, ZDRAVSTVENE STORITVE D.O.O.;LANGUSOVA ULICA 8;2250 PTUJ;LUKMAN  LARA ;SPLOŠNA DEJAVNOST - DISPANZER ZA ŽENSKE ;0,20;238,01;NE;46.43102;15.88301
IZPOSTAVA PTUJ                ;MILUMED, ZDRAVSTVENE STORITVE D.O.O.;LANGUSOVA ULICA 8;2250 PTUJ;LUKMAN  MILAN ;SPLOŠNA DEJAVNOST - DISPANZER ZA ŽENSKE ;0,80;143,73;NE;46.43102;15.88301
IZPOSTAVA SLOVENSKA BISTRICA  ;ZDRAVSTVENI DOM SLOVENSKA BISTRICA;PARTIZANSKA ULICA 30;2310 SLOVENSKA BISTRICA;REBOLJ STARE MARIJA ;SPLOŠNA DEJAVNOST - DISPANZER ZA ŽENSKE ;0,50;50,54;DA;46.39552;15.56233
IZPOSTAVA SLOVENSKA BISTRICA  ;ZDRAVSTVENI DOM SLOVENSKA BISTRICA;PARTIZANSKA ULICA 30;2310 SLOVENSKA BISTRICA;STOJKOSKI  SAŠO ;SPLOŠNA DEJAVNOST - DISPANZER ZA ŽENSKE ;1,20;97,22;DA;46.39552;15.56233
IZPOSTAVA SLOVENSKA BISTRICA  ;VITA ET SOL DRUŽBA ZA ZDRAVSTVO, STORITVE, POSREDNIŠTVO, TRGOVINO IN GOSTINSTVO D.O.O.;DEVINSKA ULICA 11;2310 SLOVENSKA BISTRICA;JOVIČ  MIRKO ;SPLOŠNA DEJAVNOST - DISPANZER ZA ŽENSKE ;0,80;82,44;DA;46.39787;15.57986
OE MURSKA SOBOTA              ;SPLOŠNA BOLNIŠNICA MURSKA SOBOTA;ULICA DR. VRBNJAKA 6;9000 MURSKA SOBOTA;ŠPILAK GOMBOC MARTINA ;SPLOŠNA DEJAVNOST - DISPANZER ZA ŽENSKE ;0,10;126,18;NE;46.65013;16.18727
OE MURSKA SOBOTA              ;SPLOŠNA BOLNIŠNICA MURSKA SOBOTA;ULICA DR. VRBNJAKA 6;9000 MURSKA SOBOTA;BORKO TAVŽELJ NATAŠA ;SPLOŠNA DEJAVNOST - DISPANZER ZA ŽENSKE ;0,10;142,62;NE;46.65013;16.18727
OE MURSKA SOBOTA              ;SPLOŠNA BOLNIŠNICA MURSKA SOBOTA;ULICA DR. VRBNJAKA 6;9000 MURSKA SOBOTA;GRUŠKOVNJAK  GREGOR ;SPLOŠNA DEJAVNOST - DISPANZER ZA ŽENSKE ;0,10;59,73;DA;46.65013;16.18727
OE MURSKA SOBOTA              ;SPLOŠNA BOLNIŠNICA MURSKA SOBOTA;ULICA DR. VRBNJAKA 6;9000 MURSKA SOBOTA;JANKO  PETER ;SPLOŠNA DEJAVNOST - DISPANZER ZA ŽENSKE ;0,10;204,54;NE;46.65013;16.18727
OE MURSKA SOBOTA              ;SPLOŠNA BOLNIŠNICA MURSKA SOBOTA;ULICA DR. VRBNJAKA 6;9000 MURSKA SOBOTA;KOUS  BORIS ;SPLOŠNA DEJAVNOST - DISPANZER ZA ŽENSKE ;0,10;104,48;NE;46.65013;16.18727
OE MURSKA SOBOTA              ;SPLOŠNA BOLNIŠNICA MURSKA SOBOTA;ULICA DR. VRBNJAKA 6;9000 MURSKA SOBOTA;KOUS ŠKALIČ NATAŠA ;SPLOŠNA DEJAVNOST - DISPANZER ZA ŽENSKE ;0,10;179,51;NE;46.65013;16.18727
OE MURSKA SOBOTA              ;SPLOŠNA BOLNIŠNICA MURSKA SOBOTA;ULICA DR. VRBNJAKA 6;9000 MURSKA SOBOTA;ROŠKAR  LUKA ;SPLOŠNA DEJAVNOST - DISPANZER ZA ŽENSKE ;0,10;49,24;DA;46.65013;16.18727
OE MURSKA SOBOTA              ;SPLOŠNA BOLNIŠNICA MURSKA SOBOTA;ULICA DR. VRBNJAKA 6;9000 MURSKA SOBOTA;VOZLIČ  KRISTJAN ;SPLOŠNA DEJAVNOST - DISPANZER ZA ŽENSKE ;0,10;23,94;DA;46.65013;16.18727
OE MURSKA SOBOTA              ;ZDRAVSTVENI DOM MURSKA SOBOTA;GRAJSKA ULICA 24;9000 MURSKA SOBOTA;ŠUBINSKI  ZLATKO ;SPLOŠNA DEJAVNOST - DISPANZER ZA ŽENSKE ;0,10;399,70;NE;46.66402;16.16066
OE MURSKA SOBOTA              ;ZDRAVSTVENI DOM MURSKA SOBOTA;GRAJSKA ULICA 24;9000 MURSKA SOBOTA;LEPOŠA KORENJAK SONJA ;SPLOŠNA DEJAVNOST - DISPANZER ZA ŽENSKE ;0,80;71,59;DA;46.66402;16.16066
OE MURSKA SOBOTA              ;ZDRAVSTVENI DOM MURSKA SOBOTA;GRAJSKA ULICA 24;9000 MURSKA SOBOTA;PERŠAK  MATEJA ;SPLOŠNA DEJAVNOST - DISPANZER ZA ŽENSKE ;0,40;10,71;DA;46.66402;16.16066
OE MURSKA SOBOTA              ;ZDRAVSTVENI DOM MURSKA SOBOTA;GRAJSKA ULICA 24;9000 MURSKA SOBOTA;SCHNABL BANFI PETRA ;SPLOŠNA DEJAVNOST - DISPANZER ZA ŽENSKE ;1,00;141,13;NE;46.66402;16.16066
OE MURSKA SOBOTA              ;GEMINI, SPECIALISTIČNA AMBULANTA ZA GINEKOLOGIJO, PERINATOLOGIJO IN ULTRAZVOČNO DIAGNOSTIKO, SIMONA ČOPI;PUCONCI 251;9201 PUCONCI;ČOPI  SIMONA ;SPLOŠNA DEJAVNOST - DISPANZER ZA ŽENSKE ;0,70;139,47;NE;46.69401;16.17399
OE MURSKA SOBOTA              ;ZASEBNA GINEKOLOŠKA ORDINACIJA , INGRID ŠEBÖK - SUKIČ, DR. MEDICINESPECIALISTKA GINEKOLOGIJE IN PORODNIŠTVA;ULICA STANETA ROZMANA 16;9000 MURSKA SOBOTA;ŠEBÖK SUKIČ INGRID ;SPLOŠNA DEJAVNOST - DISPANZER ZA ŽENSKE ;0,70;76,82;DA;46.66145;16.16862
IZPOSTAVA GORNJA RADGONA      ;ZDRAVSTVENI DOM GORNJA RADGONA;PARTIZANSKA CESTA 40;9250 GORNJA RADGONA;KRAJNC BEZJAK SILVESTRA ;SPLOŠNA DEJAVNOST - DISPANZER ZA ŽENSKE ;1,20;112,53;NE;46.67340;15.99302
IZPOSTAVA LENDAVA             ;ZDRAVSTVENI DOM LENDAVA - EGESZSEGHAZ LENDVA;KIDRIČEVA ULICA 34;9220 LENDAVA - LENDVA;ERAK  VESNA ;SPLOŠNA DEJAVNOST - DISPANZER ZA ŽENSKE ;1,00;74,61;DA;46.55821;16.45692
IZPOSTAVA LJUTOMER            ;ŠEPIĆ NENAD - ZASEBNA AMBULANTA ZA GINEKOLOGIJO IN PORODNIŠTVO;CESTA I. SLOVENSKEGA TABORA 2;9240 LJUTOMER;ŠEPIĆ  NENAD ;SPLOŠNA DEJAVNOST - DISPANZER ZA ŽENSKE ;1,00;84,64;DA;46.52172;16.19326
OE NOVA GORICA                ;SPLOŠNA BOLNIŠNICA DR. FRANCA DERGANCA NOVA GORICA;ULICA PADLIH BORCEV 13 A;5290 ŠEMPETER PRI GORICI;ŠOŠTARIČ  ZVONKO ;SPLOŠNA DEJAVNOST - DISPANZER ZA ŽENSKE ;0,11;113,40;NE;45.93020;13.64083
OE NOVA GORICA                ;SPLOŠNA BOLNIŠNICA DR. FRANCA DERGANCA NOVA GORICA;ULICA PADLIH BORCEV 13 A;5290 ŠEMPETER PRI GORICI;KERKOČ RUDOLF BARBARA ;SPLOŠNA DEJAVNOST - DISPANZER ZA ŽENSKE ;0,11;94,13;DA;45.93020;13.64083
OE NOVA GORICA                ;SPLOŠNA BOLNIŠNICA DR. FRANCA DERGANCA NOVA GORICA;ULICA PADLIH BORCEV 13 A;5290 ŠEMPETER PRI GORICI;KLANJŠČEK  JURE ;SPLOŠNA DEJAVNOST - DISPANZER ZA ŽENSKE ;0,10;45,86;DA;45.93020;13.64083
OE NOVA GORICA                ;SPLOŠNA BOLNIŠNICA DR. FRANCA DERGANCA NOVA GORICA;ULICA PADLIH BORCEV 13 A;5290 ŠEMPETER PRI GORICI;KOSTADINOVIĆ  HELENA ;SPLOŠNA DEJAVNOST - DISPANZER ZA ŽENSKE ;0,10;65,21;DA;45.93020;13.64083
OE NOVA GORICA                ;SPLOŠNA BOLNIŠNICA DR. FRANCA DERGANCA NOVA GORICA;ULICA PADLIH BORCEV 13 A;5290 ŠEMPETER PRI GORICI;VENIER  BARBARA ;SPLOŠNA DEJAVNOST - DISPANZER ZA ŽENSKE ;0,10;128,78;NE;45.93020;13.64083
OE NOVA GORICA                ;SPLOŠNA BOLNIŠNICA DR. FRANCA DERGANCA NOVA GORICA;ULICA PADLIH BORCEV 13 A;5290 ŠEMPETER PRI GORICI;ZAVRTANIK ČELAN ALENKA ;SPLOŠNA DEJAVNOST - DISPANZER ZA ŽENSKE ;0,11;179,33;NE;45.93020;13.64083
OE NOVA GORICA                ;ZDRAVSTVENI DOM OSNOVNO VARSTVO NOVA GORICA;REJČEVA ULICA 4;5000 NOVA GORICA;BESENIČAR PREGELJ LARA ;SPLOŠNA DEJAVNOST - DISPANZER ZA ŽENSKE ;1,00;123,48;NE;45.95794;13.64553
OE NOVA GORICA                ;ZDRAVSTVENI DOM OSNOVNO VARSTVO NOVA GORICA;REJČEVA ULICA 4;5000 NOVA GORICA;BIZJAK  NEDA ;SPLOŠNA DEJAVNOST - DISPANZER ZA ŽENSKE ;0,40;56,23;DA;45.95794;13.64553
OE NOVA GORICA                ;ZDRAVSTVENI DOM OSNOVNO VARSTVO NOVA GORICA;REJČEVA ULICA 4;5000 NOVA GORICA;DIVJAK BUDIHNA TEJA ;SPLOŠNA DEJAVNOST - DISPANZER ZA ŽENSKE ;0,40;32,60;DA;45.95794;13.64553
OE NOVA GORICA                ;ZDRAVSTVENI DOM OSNOVNO VARSTVO NOVA GORICA;REJČEVA ULICA 4;5000 NOVA GORICA;POLENČIČ  TINA ;SPLOŠNA DEJAVNOST - DISPANZER ZA ŽENSKE ;1,00;122,68;NE;45.95794;13.64553
OE NOVA GORICA                ;ZDRAVSTVENI DOM OSNOVNO VARSTVO NOVA GORICA;REJČEVA ULICA 4;5000 NOVA GORICA;PUŠNAR  SERGEJ ;SPLOŠNA DEJAVNOST - DISPANZER ZA ŽENSKE ;0,50;112,59;NE;45.95794;13.64553
OE NOVA GORICA                ;ZDRAVSTVENI DOM OSNOVNO VARSTVO NOVA GORICA;REJČEVA ULICA 4;5000 NOVA GORICA;TUTA  ERIKA ;SPLOŠNA DEJAVNOST - DISPANZER ZA ŽENSKE ;0,80;101,06;NE;45.95794;13.64553
OE NOVA GORICA                ;JELINČIČ VANJA - SPECIALIST GINEKOLOGIJE;REJČEVA ULICA 4;5000 NOVA GORICA;JELINČIČ  VANJA ;SPLOŠNA DEJAVNOST - DISPANZER ZA ŽENSKE ;0,30;69,74;DA;45.95794;13.64553
IZPOSTAVA AJDOVŠČINA          ;ZDRAVSTVENI DOM AJDOVŠČINA;TOVARNIŠKA CESTA 3;5270 AJDOVŠČINA;ŽORŽ  IRENA ;SPLOŠNA DEJAVNOST - DISPANZER ZA ŽENSKE ;0,58;72,56;DA;45.88598;13.90542
IZPOSTAVA AJDOVŠČINA          ;ZDRAVSTVENI DOM AJDOVŠČINA;TOVARNIŠKA CESTA 3;5270 AJDOVŠČINA;KODRIČ ROŠKAR MAJDA ;SPLOŠNA DEJAVNOST - DISPANZER ZA ŽENSKE ;0,41;178,01;NE;45.88598;13.90542
IZPOSTAVA TOLMIN              ;ZDRAVSTVENI DOM TOLMIN;PREŠERNOVA ULICA 6 A;5220 TOLMIN;BIZJAK  NEDA ;SPLOŠNA DEJAVNOST - DISPANZER ZA ŽENSKE ;0,40;22,45;DA;46.18376;13.73472
IZPOSTAVA TOLMIN              ;ZDRAVSTVENI DOM TOLMIN;PREŠERNOVA ULICA 6 A;5220 TOLMIN;GERČAR VIČIČ POLONA ;SPLOŠNA DEJAVNOST - DISPANZER ZA ŽENSKE ;1,00;80,56;DA;46.18376;13.73472
IZPOSTAVA TOLMIN              ;ZDRAVSTVENI DOM TOLMIN;PREŠERNOVA ULICA 6 A;5220 TOLMIN;REJEC TALJAT DRAGICA ;SPLOŠNA DEJAVNOST - DISPANZER ZA ŽENSKE ;0,20;95,37;DA;46.18376;13.73472
IZPOSTAVA TOLMIN              ;ZDRAVSTVENI DOM TOLMIN;PREŠERNOVA ULICA 6 A;5220 TOLMIN;TUTA  ERIKA ;SPLOŠNA DEJAVNOST - DISPANZER ZA ŽENSKE ;0,40;92,91;DA;46.18376;13.73472
OE NOVO MESTO                 ;SPLOŠNA BOLNIŠNICA NOVO MESTO;ŠMIHELSKA CESTA 1;8000 NOVO MESTO;GLAVAN  SUZANA ;SPLOŠNA DEJAVNOST - DISPANZER ZA ŽENSKE ;0,10;167,61;NE;45.79995;15.16385
OE NOVO MESTO                 ;SPLOŠNA BOLNIŠNICA NOVO MESTO;ŠMIHELSKA CESTA 1;8000 NOVO MESTO;GRADECKI  MIRJAM ;SPLOŠNA DEJAVNOST - DISPANZER ZA ŽENSKE ;0,15;172,07;NE;45.79995;15.16385
OE NOVO MESTO                 ;SPLOŠNA BOLNIŠNICA NOVO MESTO;ŠMIHELSKA CESTA 1;8000 NOVO MESTO;HOLC  LEA ;SPLOŠNA DEJAVNOST - DISPANZER ZA ŽENSKE ;0,10;75,64;DA;45.79995;15.16385
OE NOVO MESTO                 ;SPLOŠNA BOLNIŠNICA NOVO MESTO;ŠMIHELSKA CESTA 1;8000 NOVO MESTO;ISMAILI  HATIJE ;SPLOŠNA DEJAVNOST - DISPANZER ZA ŽENSKE ;0,10;234,78;NE;45.79995;15.16385
OE NOVO MESTO                 ;SPLOŠNA BOLNIŠNICA NOVO MESTO;ŠMIHELSKA CESTA 1;8000 NOVO MESTO;KOŽELJ  DAMJANA ;SPLOŠNA DEJAVNOST - DISPANZER ZA ŽENSKE ;0,10;180,42;NE;45.79995;15.16385
OE NOVO MESTO                 ;SPLOŠNA BOLNIŠNICA NOVO MESTO;ŠMIHELSKA CESTA 1;8000 NOVO MESTO;KUŽNIK  MARKO ;SPLOŠNA DEJAVNOST - DISPANZER ZA ŽENSKE ;0,10;35,83;DA;45.79995;15.16385
OE NOVO MESTO                 ;SPLOŠNA BOLNIŠNICA NOVO MESTO;ŠMIHELSKA CESTA 1;8000 NOVO MESTO;MIJAJLOVIĆ  STANISLAV ;SPLOŠNA DEJAVNOST - DISPANZER ZA ŽENSKE ;0,10;162,81;NE;45.79995;15.16385
OE NOVO MESTO                 ;SPLOŠNA BOLNIŠNICA NOVO MESTO;ŠMIHELSKA CESTA 1;8000 NOVO MESTO;PIŠEK  ALEŠ ;SPLOŠNA DEJAVNOST - DISPANZER ZA ŽENSKE ;0,15;132,41;NE;45.79995;15.16385
OE NOVO MESTO                 ;SPLOŠNA BOLNIŠNICA NOVO MESTO;ŠMIHELSKA CESTA 1;8000 NOVO MESTO;RAJTERIČ BREČKO TINA ;SPLOŠNA DEJAVNOST - DISPANZER ZA ŽENSKE ;0,10;41,86;DA;45.79995;15.16385
OE NOVO MESTO                 ;SPLOŠNA BOLNIŠNICA NOVO MESTO;ŠMIHELSKA CESTA 1;8000 NOVO MESTO;SIMETINGER  GABRIJELA ;SPLOŠNA DEJAVNOST - DISPANZER ZA ŽENSKE ;0,20;142,09;NE;45.79995;15.16385
OE NOVO MESTO                 ;ZDRAVSTVENI DOM NOVO MESTO;KANDIJSKA CESTA 4;8000 NOVO MESTO;BUČAR  MARTINA MARIJA;SPLOŠNA DEJAVNOST - DISPANZER ZA ŽENSKE ;1,00;130,33;NE;45.80129;15.16270
OE NOVO MESTO                 ;ZDRAVSTVENI DOM NOVO MESTO;KANDIJSKA CESTA 4;8000 NOVO MESTO;CVELBAR  MIRJAM ;SPLOŠNA DEJAVNOST - DISPANZER ZA ŽENSKE ;0,28;66,85;DA;45.80129;15.16270
OE NOVO MESTO                 ;ZDRAVSTVENI DOM NOVO MESTO;KANDIJSKA CESTA 4;8000 NOVO MESTO;KLARIČ KAMIN MARIJANA ;SPLOŠNA DEJAVNOST - DISPANZER ZA ŽENSKE ;1,00;131,08;NE;45.80129;15.16270
OE NOVO MESTO                 ;ZDRAVSTVENI DOM NOVO MESTO;KANDIJSKA CESTA 4;8000 NOVO MESTO;KOSTANJŠEK  JASNA ;SPLOŠNA DEJAVNOST - DISPANZER ZA ŽENSKE ;1,00;127,51;NE;45.80129;15.16270
OE NOVO MESTO                 ;ZDRAVSTVENI DOM NOVO MESTO;KANDIJSKA CESTA 4;8000 NOVO MESTO;TESTEN  VERONIKA ;SPLOŠNA DEJAVNOST - DISPANZER ZA ŽENSKE ;1,00;128,41;NE;45.80129;15.16270
IZPOSTAVA ČRNOMELJ            ;GINEKOLOŠKA ORDINACIJA, DR. BOJAN GRULOVIĆ DR. MED., SPEC. GIN. IN POROD.;DELAVSKA POT 4;8340 ČRNOMELJ;GRULOVIĆ  BOJAN ;SPLOŠNA DEJAVNOST - DISPANZER ZA ŽENSKE ;1,00;96,97;DA;45.57549;15.18753
IZPOSTAVA METLIKA             ;ZDRAVSTVENI DOM METLIKA;CESTA BRATSTVA IN ENOTNOSTI 71;8330 METLIKA;KUŽNIK  MARKO ;SPLOŠNA DEJAVNOST - DISPANZER ZA ŽENSKE ;0,20;8,21;DA;45.64848;15.31814
IZPOSTAVA METLIKA             ;ZDRAVSTVENI DOM METLIKA;CESTA BRATSTVA IN ENOTNOSTI 71;8330 METLIKA;VUKMANIČ POHAR MATEJA ;SPLOŠNA DEJAVNOST - DISPANZER ZA ŽENSKE ;0,10;265,31;NE;45.64848;15.31814
IZPOSTAVA TREBNJE             ;ZDRAVSTVENI DOM TREBNJE;GOLIEV TRG 3;8210 TREBNJE;FRANKO RUTAR ANITA ;SPLOŠNA DEJAVNOST - DISPANZER ZA ŽENSKE ;0,40;31,39;DA;45.90830;15.00666
IZPOSTAVA TREBNJE             ;ZDRAVSTVENI DOM TREBNJE;GOLIEV TRG 3;8210 TREBNJE;ZAJC  JANA ;SPLOŠNA DEJAVNOST - DISPANZER ZA ŽENSKE ;0,67;233,87;NE;45.90830;15.00666
OE RAVNE NA KOROŠKEM          ;ZDRAVSTVENI DOM DRAVOGRAD;TRG 4. JULIJA 4;2370 DRAVOGRAD;KOSI  MARIUSZ ;SPLOŠNA DEJAVNOST - DISPANZER ZA ŽENSKE ;0,20;91,17;DA;46.58963;15.02470
OE RAVNE NA KOROŠKEM          ;ZDRAVSTVENI DOM RAVNE NA KOROŠKEM;OB SUHI 11;2390 RAVNE NA KOROŠKEM;BOŽIKOV  MARIJA ;SPLOŠNA DEJAVNOST - DISPANZER ZA ŽENSKE ;1,00;75,93;DA;46.54286;14.96765
OE RAVNE NA KOROŠKEM          ;ZDRAVSTVENI DOM RAVNE NA KOROŠKEM;OB SUHI 11;2390 RAVNE NA KOROŠKEM;BOLA NATEK ALEKSANDRA ;SPLOŠNA DEJAVNOST - DISPANZER ZA ŽENSKE ;0,20;86,28;DA;46.54286;14.96765
OE RAVNE NA KOROŠKEM          ;ZDRAVSTVENI DOM RAVNE NA KOROŠKEM;OB SUHI 11;2390 RAVNE NA KOROŠKEM;KOSI  MARIUSZ ;SPLOŠNA DEJAVNOST - DISPANZER ZA ŽENSKE ;0,90;32,44;DA;46.54286;14.96765
OE RAVNE NA KOROŠKEM          ;ZDRAVSTVENI DOM RAVNE NA KOROŠKEM;OB SUHI 11;2390 RAVNE NA KOROŠKEM;KRIŠTOFELC  FRENK ;SPLOŠNA DEJAVNOST - DISPANZER ZA ŽENSKE ;0,10;111,04;NE;46.54286;14.96765
OE RAVNE NA KOROŠKEM          ;ZDRAVSTVENI DOM RAVNE NA KOROŠKEM;OB SUHI 11;2390 RAVNE NA KOROŠKEM;VERDNIK GOLOB BRANKA ;SPLOŠNA DEJAVNOST - DISPANZER ZA ŽENSKE ;0,15;36,34;DA;46.54286;14.96765
OE RAVNE NA KOROŠKEM          ;MEDIARH, PODJETJE ZA ZDRAVSTVENE IN PROJEKTANTSKE STORITVE D.O.O.;OB SUHODOLNICI 31;2380 SLOVENJ GRADEC;LUŽNIK  MARIJAN ;SPLOŠNA DEJAVNOST - DISPANZER ZA ŽENSKE ;0,20;150,30;NE;46.50331;15.07270
IZPOSTAVA MOZIRJE             ;E & A, ZDRAVSTVENE IN DRUGE STORITVE, D.O.O.;OB ŽELEZNICI 26;3313 POLZELA;ARH  EDITA ;SPLOŠNA DEJAVNOST - DISPANZER ZA ŽENSKE ;0,73;115,42;NE;46.27866;15.07283
IZPOSTAVA RADLJE OB DRAVI     ;ZDRAVSTVENI DOM RADLJE OB DRAVI;MARIBORSKA CESTA 37;2360 RADLJE OB DRAVI;KRIŠTOFELC  FRENK ;SPLOŠNA DEJAVNOST - DISPANZER ZA ŽENSKE ;0,20;118,71;NE;46.61372;15.23075
IZPOSTAVA RADLJE OB DRAVI     ;ZDRAVSTVENI DOM RADLJE OB DRAVI;MARIBORSKA CESTA 37;2360 RADLJE OB DRAVI;KUKOVIČ  NADJA ;SPLOŠNA DEJAVNOST - DISPANZER ZA ŽENSKE ;0,40;68,19;DA;46.61372;15.23075
IZPOSTAVA RADLJE OB DRAVI     ;ZDRAVSTVENI DOM RADLJE OB DRAVI;MARIBORSKA CESTA 37;2360 RADLJE OB DRAVI;RAKIĆ  SAŠA ;SPLOŠNA DEJAVNOST - DISPANZER ZA ŽENSKE ;0,40;99,13;DA;46.61372;15.23075
IZPOSTAVA SLOVENJ GRADEC      ;SPLOŠNA BOLNIŠNICA SLOVENJ GRADEC;GOSPOSVETSKA CESTA 1;2380 SLOVENJ GRADEC;ŠAVC  HELENA ;SPLOŠNA DEJAVNOST - DISPANZER ZA ŽENSKE ;0,16;133,25;NE;46.50766;15.08173
IZPOSTAVA SLOVENJ GRADEC      ;SPLOŠNA BOLNIŠNICA SLOVENJ GRADEC;GOSPOSVETSKA CESTA 1;2380 SLOVENJ GRADEC;JUVAN  KATJA ;SPLOŠNA DEJAVNOST - DISPANZER ZA ŽENSKE ;0,16;112,33;NE;46.50766;15.08173
IZPOSTAVA SLOVENJ GRADEC      ;SPLOŠNA BOLNIŠNICA SLOVENJ GRADEC;GOSPOSVETSKA CESTA 1;2380 SLOVENJ GRADEC;KAŠNIK ČAS SILVESTRA ;SPLOŠNA DEJAVNOST - DISPANZER ZA ŽENSKE ;0,17;107,58;NE;46.50766;15.08173
IZPOSTAVA SLOVENJ GRADEC      ;SPLOŠNA BOLNIŠNICA SLOVENJ GRADEC;GOSPOSVETSKA CESTA 1;2380 SLOVENJ GRADEC;KARDOŠ MOHORKO KSENIJA ;SPLOŠNA DEJAVNOST - DISPANZER ZA ŽENSKE ;0,13;101,17;NE;46.50766;15.08173
IZPOSTAVA SLOVENJ GRADEC      ;SPLOŠNA BOLNIŠNICA SLOVENJ GRADEC;GOSPOSVETSKA CESTA 1;2380 SLOVENJ GRADEC;LUŽNIK  MARIJAN ;SPLOŠNA DEJAVNOST - DISPANZER ZA ŽENSKE ;0,12;92,91;DA;46.50766;15.08173
IZPOSTAVA SLOVENJ GRADEC      ;SPLOŠNA BOLNIŠNICA SLOVENJ GRADEC;GOSPOSVETSKA CESTA 1;2380 SLOVENJ GRADEC;RANC  ANA ;SPLOŠNA DEJAVNOST - DISPANZER ZA ŽENSKE ;0,12;81,51;DA;46.50766;15.08173
IZPOSTAVA SLOVENJ GRADEC      ;SPLOŠNA BOLNIŠNICA SLOVENJ GRADEC;GOSPOSVETSKA CESTA 1;2380 SLOVENJ GRADEC;VERDNIK GOLOB BRANKA ;SPLOŠNA DEJAVNOST - DISPANZER ZA ŽENSKE ;0,14;94,42;DA;46.50766;15.08173
IZPOSTAVA SLOVENJ GRADEC      ;ZDRAVSTVENI DOM SLOVENJ GRADEC;PARTIZANSKA POT 16;2380 SLOVENJ GRADEC;JUVAN  KATJA ;SPLOŠNA DEJAVNOST - DISPANZER ZA ŽENSKE ;0,14;149,99;NE;46.50693;15.08202
IZPOSTAVA SLOVENJ GRADEC      ;ZDRAVSTVENI DOM SLOVENJ GRADEC;PARTIZANSKA POT 16;2380 SLOVENJ GRADEC;KOSI  MARIUSZ ;SPLOŠNA DEJAVNOST - DISPANZER ZA ŽENSKE ;0,11;51,31;DA;46.50693;15.08202
IZPOSTAVA SLOVENJ GRADEC      ;ZDRAVSTVENI DOM SLOVENJ GRADEC;PARTIZANSKA POT 16;2380 SLOVENJ GRADEC;KRIŠTOFELC  FRENK ;SPLOŠNA DEJAVNOST - DISPANZER ZA ŽENSKE ;1,00;23,27;DA;46.50693;15.08202
IZPOSTAVA SLOVENJ GRADEC      ;ZDRAVSTVENI DOM SLOVENJ GRADEC;PARTIZANSKA POT 16;2380 SLOVENJ GRADEC;LUŽOVEC  URŠA ;SPLOŠNA DEJAVNOST - DISPANZER ZA ŽENSKE ;0,34;39,50;DA;46.50693;15.08202
IZPOSTAVA SLOVENJ GRADEC      ;ZDRAVSTVENI DOM SLOVENJ GRADEC;PARTIZANSKA POT 16;2380 SLOVENJ GRADEC;STARC  MAJA ;SPLOŠNA DEJAVNOST - DISPANZER ZA ŽENSKE ;0,32;121,54;NE;46.50693;15.08202
IZPOSTAVA VELENJE             ;ZDRAVSTVENI DOM VELENJE;VODNIKOVA CESTA 1;3320 VELENJE;ČAS  SABINA ;SPLOŠNA DEJAVNOST - DISPANZER ZA ŽENSKE ;0,80;92,80;DA;46.36151;15.11636
IZPOSTAVA VELENJE             ;ZDRAVSTVENI DOM VELENJE;VODNIKOVA CESTA 1;3320 VELENJE;BIZJAK  TINA ;SPLOŠNA DEJAVNOST - DISPANZER ZA ŽENSKE ;0,20;88,51;DA;46.36151;15.11636
IZPOSTAVA VELENJE             ;ZDRAVSTVENI DOM VELENJE;VODNIKOVA CESTA 1;3320 VELENJE;KUŠTRIN  KORANA ;SPLOŠNA DEJAVNOST - DISPANZER ZA ŽENSKE ;1,00;114,12;NE;46.36151;15.11636
IZPOSTAVA VELENJE             ;GPD GINEKOLOGIJA IN PORODNIŠTVO, POSREDNIŠTVO IN STORITVE, D.O.O.;SONČNI GRIČ 7;3320 VELENJE;BRUS  NATAŠA ;SPLOŠNA DEJAVNOST - DISPANZER ZA ŽENSKE ;0,20;106,21;NE;46.35393;15.12586
IZPOSTAVA VELENJE             ;GPD GINEKOLOGIJA IN PORODNIŠTVO, POSREDNIŠTVO IN STORITVE, D.O.O.;SONČNI GRIČ 7;3320 VELENJE;KUŠTRIN  KORANA ;SPLOŠNA DEJAVNOST - DISPANZER ZA ŽENSKE ;0,20;70,67;DA;46.35393;15.12586
IZPOSTAVA VELENJE             ;GPD GINEKOLOGIJA IN PORODNIŠTVO, POSREDNIŠTVO IN STORITVE, D.O.O.;SONČNI GRIČ 7;3320 VELENJE;PAVIĆEVIĆ  LJILJANA ;SPLOŠNA DEJAVNOST - DISPANZER ZA ŽENSKE ;0,20;77,77;DA;46.35393;15.12586
IZPOSTAVA VELENJE             ;LEVAK - HOZJAN SONJA - ZASEBNA GINEKOLOŠKA AMBULANTA;VODNIKOVA CESTA 1;3320 VELENJE;LEVAK HOZJAN SONJA ;SPLOŠNA DEJAVNOST - DISPANZER ZA ŽENSKE ;1,00;103,09;NE;46.36151;15.11636
